Generation,Population,Avg_Age,Births,Deaths,Avg_Vision,Avg_Speed,Avg_Metabolism,Avg_Memory,Var_Vision,Var_Speed,Var_Metabolism,Var_Memory,Avg_Fitness,Disaster
1,100,0.03333333333333333,0,0,1.0158668209291164,1.060146809698353,0.9936029431698625,1.1151770815427806,0.04136985482707784,0.038833151336798634,0.030195331439380454,0.055023353473514724,0.42823151630227496,N/A
2,128,9.401041666666641,28,0,1.030888741001953,1.0445709912040986,0.9879742971913078,1.09822975943049,0.042811499460183686,0.04051161082577224,0.029519708059666593,0.05176668862853509,0.4283093194710239,N/A
3,179,17.365735567970393,51,0,1.0307343718480262,1.051048965855121,0.9594127983165119,1.113998854789621,0.04129228310315627,0.04069497403215875,0.030112977974612147,0.05140189559930466,0.44413029832420114,N/A
4,163,18.657873210634136,55,71,1.0345708895342638,1.0286201760570068,0.9172345721876363,1.108484314130365,0.04279677060344061,0.04059228678262308,0.025085593184098278,0.04793202014596271,0.4610489655017517,N/A
5,168,19.39900793650817,52,47,1.040088168400068,1.0152532293160104,0.8628009505779572,1.1034622036601218,0.04460739021253675,0.03994462129054336,0.02029877439464594,0.04355838696952376,0.4881471366422331,N/A
6,154,17.62965367965387,56,70,1.0403772663198774,1.0170497484185186,0.8256533344681256,1.0771580313280096,0.044727668820890895,0.03835694403810291,0.015387548123812647,0.042902898823534534,0.5061987342158415,N/A
7,163,16.528425357873385,65,56,1.0548807241873304,1.029362166562096,0.8110813357727886,1.0831797431467767,0.04305558979845257,0.038356871978546016,0.01313646449007197,0.040860436493633384,0.5206913280163732,N/A
8,191,16.727050610820402,77,49,1.0638740482189304,1.0491116393529036,0.7987193959785549,1.0736211615190001,0.039912637455760916,0.03716856680549204,0.010642356122364314,0.04171179096219675,0.5319526674215372,N/A
9,221,15.447209653092157,95,65,1.0695981207354328,1.061359164242122,0.789503893684475,1.0722255703245536,0.04063075591342942,0.03425093278285829,0.00864498103752815,0.04550581709363013,0.5409612932755228,N/A
10,274,15.537834549878495,118,65,1.0777767732230632,1.0724898768114177,0.7807019409523724,1.0635638267073328,0.04164974985396246,0.035274232384959,0.007470321066960577,0.04852293807879168,0.5488787817147025,N/A
11,49,10.280952380952353,46,271,1.1083519623933955,1.049944665474571,0.7733596848096804,1.0570719755682108,0.035420706417090234,0.03932832450574414,0.008158022397538345,0.05171420171057878,0.5543550073947738,Pigeon Coup
12,98,14.276870748299453,49,0,1.1171201840268299,1.0669493894319009,0.7664406102707968,1.0468461607732162,0.03580139302740481,0.0398099104086579,0.0062138377359484435,0.046330278617943615,0.5620641166339743,N/A
13,119,16.49635854341753,45,24,1.1302658646012052,1.0819310485696572,0.7564061204606088,1.0465442764441932,0.03449669505079537,0.03943174729664825,0.004601101876293334,0.047603459436785324,0.5744253166770015,N/A
14,149,16.90000000000017,59,29,1.130548485236849,1.0809408559347657,0.7555503521970356,1.0410281527006557,0.03765658572884445,0.04110760829304083,0.0048028285137088145,0.048697346238933986,0.5739776282572302,N/A
15,175,16.440000000000158,70,44,1.1309431220370534,1.080886034350158,0.7472846587940609,1.0412522615419648,0.040043213848084305,0.042477566953753085,0.0037602130920126172,0.046121841873683005,0.5804269951924119,N/A
16,223,15.849925261584623,94,46,1.1175415459745186,1.093915171858425,0.7491395920706422,1.0497821581898226,0.043443646092664163,0.04283557597566847,0.004474394563512071,0.04592174167708877,0.5804416890241801,N/A
17,281,15.420877817319246,119,61,1.1258445572427838,1.102099502412581,0.7496557321910297,1.0489189776126642,0.042870056735772266,0.043328272397076595,0.004530950775640576,0.04599634641366813,0.5828209575064,N/A
18,358,15.201396648044843,153,76,1.1289411623449126,1.108488510104139,0.7487753819930243,1.0563712107723107,0.040219221491358585,0.04347344252275021,0.004034156629950672,0.04519936396029807,0.586522289137269,N/A
19,78,10.175213675213648,24,304,1.1330154778153372,1.1640006790687205,0.7593051549571002,1.0682869477665282,0.028314826957203405,0.03822969438375088,0.004839719040602785,0.04408838971150937,0.5909443360033945,Fungus Takeover
20,134,15.15547263681609,56,0,1.123176284555171,1.1546072130490632,0.757231953056382,1.0666331852000577,0.03093226227916748,0.03702430425371647,0.004630098147661697,0.04668030693212637,0.588884584933387,N/A
21,155,15.235698924731302,66,45,1.1266831869337477,1.145984483220569,0.7581371132908116,1.075682167629682,0.028660276974068137,0.034399629738663624,0.005168106119905133,0.05398941769704969,0.5888732225494089,N/A
22,196,15.62993197278927,82,41,1.1184999031427667,1.1541382950508858,0.7602162352690855,1.061068384372403,0.0301777151825368,0.035795994148781235,0.005752865043631087,0.0568092454767838,0.5846944466418486,N/A
23,260,15.59000000000015,119,55,1.113260416102166,1.1412617686307205,0.7626585049578466,1.062047883159357,0.0305719649573001,0.03755987948400604,0.005866252561143192,0.05946821575347913,0.5798261469726533,N/A
24,322,14.969979296066398,137,75,1.118344696901974,1.1416275555632962,0.7672630637020386,1.068943107094945,0.03048019761931969,0.0388465058124603,0.006205650170502192,0.0594141690119379,0.5784917875925064,N/A
25,415,14.979437751004163,179,86,1.1113204545707287,1.1375639606067456,0.7648662413775591,1.0687245992353929,0.032227100622564064,0.03975195334597714,0.006225444350121627,0.05741381011600546,0.5783336283631678,N/A
26,537,15.017939168218646,232,110,1.1167904982721324,1.1363568258438093,0.7608698723140784,1.0705807884457426,0.032872017158546846,0.03989306367474181,0.00597895702806631,0.05608441177614789,0.582443548452954,N/A
27,120,11.66999999999998,39,456,1.1053672569859943,1.150481523233784,0.757163584223251,1.1010386695012206,0.035210492568188215,0.03690239393049423,0.004746243232483506,0.05584564435232034,0.5911338086277561,Plague
28,218,16.381957186544536,98,0,1.1105236229841273,1.1501175637154677,0.7594130698780364,1.1067318746846946,0.03584778000875518,0.03879418714328139,0.005252055804460338,0.05505681064263541,0.5912237919783846,N/A
29,265,14.837484276729688,121,74,1.1195208432632626,1.1310845956532436,0.7587667280803808,1.0939077422281667,0.03600786779641356,0.042721277350367105,0.005728200849636542,0.05898393804965949,0.5877103915026292,N/A
30,351,15.414624881291697,154,68,1.1250700451610822,1.1222660972749572,0.7584033179433202,1.0807310155163072,0.035760922228558555,0.045853146958209315,0.006038219476791584,0.05704377228436143,0.5851006677164129,N/A
31,458,14.899344978166084,205,98,1.133301148801096,1.1163018164594842,0.7575593798167002,1.0629786428106427,0.03481197710590101,0.04617076578062711,0.005589837015255298,0.057137680469618514,0.5830269672717913,N/A
32,599,14.76733444629953,269,128,1.1395462757893262,1.1076310031529706,0.7545077121388615,1.0594781214722269,0.03357913953683911,0.04736941647751317,0.004746507403700959,0.05930386607068964,0.5843378134228991,N/A
33,801,14.983229296712588,355,153,1.1385298588580461,1.0997393001988147,0.7564593781514575,1.0584830186605012,0.034559483187096444,0.047760250394613284,0.005013274484666718,0.05978548134894559,0.5810846817751687,N/A
34,1078,15.099690785405217,490,213,1.1377043887826646,1.0951231229712053,0.7556287762577775,1.065274461608484,0.03509412548333983,0.048158308662324005,0.005045638576135881,0.06080556581952437,0.5819615975445999,N/A
35,252,11.022883597883578,90,916,1.1423039777951027,1.0831059348257575,0.7541390998744578,1.056212052394496,0.03617462571557998,0.04673452397539379,0.004802625284376554,0.05905853812488399,0.5801974667647124,Typhoon
36,443,15.948532731377155,191,0,1.1447529949144175,1.082811886408714,0.7523874873077264,1.0611232713544414,0.03375076111499171,0.046295737866217705,0.004473373405650057,0.05905822706609096,0.5828004334035395,N/A
37,555,14.658558558558683,260,148,1.1403919833128853,1.0867149385371464,0.7514813641833367,1.0585251829754596,0.03401319788269146,0.049855268515142735,0.004662444051238879,0.05960638401008612,0.5829609375868976,N/A
38,747,15.070102632753379,332,140,1.1402606839452751,1.096392670452429,0.7495968906924417,1.0697064011507704,0.034062615409544035,0.049356581477496116,0.004571521777762945,0.061433480124916465,0.5881133885163651,N/A
39,1028,14.859338521400927,489,208,1.1400088791044014,1.098337572255065,0.7536626534302482,1.0825309233277551,0.03464169221481565,0.04970622799537367,0.005306242674320079,0.06324315696366502,0.587509077095693,N/A
40,1357,14.68710390567442,607,278,1.1394302486855095,1.0972873591444705,0.7551903558398958,1.0794118839498499,0.03558826297775266,0.048575135739529145,0.0056059217324282455,0.0631032564548738,0.5854823164581241,N/A
41,1816,14.773329662261522,814,355,1.1389371550717895,1.0966709431303565,0.7551094633643586,1.0788809359006573,0.03658584657291538,0.048485086640317254,0.0056861415529447954,0.06349056129067172,0.5852553737635576,N/A
42,2457,14.786772486772628,1117,476,1.1410686320138992,1.1021998576531624,0.7553477496902495,1.077178083511365,0.03765075787176422,0.048900251315890576,0.0059298515152330636,0.0629598414165414,0.5861223654120572,N/A
43,558,10.590382317801645,189,2088,1.1409946693774016,1.1142549314515913,0.7580718948372572,1.099686353911877,0.041125917811415204,0.05010410407407251,0.006634506693026284,0.06013453531413607,0.5900822824482642,Plague
44,1016,16.048162729658973,458,0,1.1393092384680144,1.1154079953810156,0.7537958445571639,1.1004177234798727,0.04207317904666541,0.049554991537201346,0.005509857097706227,0.05952691879185126,0.593464836499147,N/A
45,1303,14.381760040931303,629,342,1.1448295791486667,1.1157502254135754,0.7505383554957132,1.0995650219483417,0.0427260500575295,0.050628553866439684,0.004756557273237598,0.06024065789509319,0.5969305991104277,N/A
46,1795,14.377715877437456,850,358,1.1429723864911434,1.1176231113926205,0.7522238196966692,1.1018575442587875,0.042568367056682085,0.050995575409995365,0.0051832806826768284,0.06056876236243743,0.5960022277232052,N/A
47,2506,14.487895716946134,1155,444,1.1425400394266583,1.1175912345790466,0.7518361438070172,1.0951185675678028,0.04333185001968676,0.051353494085994704,0.0050992898539550385,0.06191319104576755,0.5950321080306631,N/A
48,3397,14.305455794328461,1560,669,1.137270351673434,1.1136925295250177,0.7529391029909718,1.095630871532491,0.04524574851629195,0.051214879584910715,0.005480390770061741,0.06347511409595591,0.5926276090477878,N/A
49,4635,14.513498741460042,2089,851,1.1345579824990368,1.1130845116607944,0.7528575466801557,1.0959194020206708,0.04594537771581276,0.05152103080191894,0.005620624591945699,0.063519869798069,0.5921548569047741,N/A
50,6334,14.536417219240215,2885,1186,1.13024785329815,1.1113002847705007,0.753849773091238,1.0921125101339444,0.047188870875998816,0.05178278335001474,0.005757195385720617,0.06411082491067686,0.5896242226144658,N/A
51,1452,11.1626033057851,501,5383,1.1226599488281908,1.0983259517776947,0.7560102685603195,1.0872559286495,0.047604723312738066,0.05168834093781469,0.005978294185776226,0.0660872652777582,0.5834562424758799,Alien Invasion
52,2682,15.709607258265146,1230,0,1.1201208312883941,1.0976801092888677,0.7535845349108671,1.0887602995445447,0.047190248613342235,0.05237205080440424,0.005501526205344602,0.06583042330315703,0.5850369953098717,N/A
53,3501,14.133733219080375,1704,885,1.119045359770184,1.0936635688506886,0.7531644658234388,1.0879511989539403,0.04701776170220284,0.05192507894545797,0.005614067998213156,0.06613152413367941,0.5843186143000314,N/A
54,4912,14.429112377850291,2299,888,1.1159276050709197,1.0910151088633313,0.7510408233594891,1.0883493171821215,0.046860974469847425,0.05205876719227845,0.0053289410561162456,0.0658182459145317,0.5850178274599712,N/A
55,6942,14.158062037837448,3292,1262,1.1148293570197896,1.0914130984958201,0.7513673117263174,1.0907493618200366,0.047144675930906835,0.0525178820243053,0.0052873255374455445,0.06637536081137317,0.5850652565229086,N/A
56,9672,14.034398263027423,4538,1808,1.1140809560591625,1.092291626883124,0.7520264564844316,1.0903737954272334,0.04758854061592105,0.052689631923140384,0.005473139968439128,0.06729017288348557,0.5845089358125561,N/A
57,494,13.697300944669495,853,10031,1.0982559089704325,1.0474711325883386,0.76104629555897,1.068135028348907,0.05483467872822373,0.05458030818480908,0.00735735843610442,0.0661183326178381,0.5630602831324779,CRITICAL_OVERPOPULATION
58,634,13.284963196635209,304,164,1.100977433969977,1.0423527628235183,0.7627082424039251,1.0710099474704136,0.05441298379395272,0.05498186417386218,0.008033451389687524,0.06398769371702223,0.5619169455295883,N/A
59,905,14.566261510129062,397,126,1.09623620697153,1.0336577153405184,0.7577538889575194,1.065737796704916,0.054918104143297,0.05702092033343703,0.007226074251792348,0.06434643208981777,0.5622989672655427,N/A
60,1191,14.584158970053311,526,240,1.087642685436809,1.030947578222891,0.7562418707788993,1.0729081241175271,0.05661037808493663,0.056756030142807924,0.006889713101812259,0.06377150573444726,0.5626944696040365,N/A
61,1586,15.116204287515904,698,303,1.090684506562665,1.0301956089119455,0.7578128456908692,1.0735372683219313,0.05684583018957823,0.05608986496759429,0.007026236935860069,0.06474394506493886,0.5620415650928188,N/A
62,2165,15.228437259430475,989,410,1.0865810492492987,1.033591738322856,0.7563407864792215,1.0769074218169647,0.056386943167612516,0.057608575056480184,0.006646186609335843,0.06556366772973765,0.5636048840314569,N/A
63,2987,14.932596808392056,1417,595,1.0876347721132664,1.0327442371465074,0.7552775721060108,1.0770568642781302,0.05717443472332791,0.05698883135357331,0.006500027575460672,0.06577703936008054,0.5644610655518687,N/A
64,4169,14.467010474134614,1993,811,1.084020736310715,1.0336694100895985,0.753714668163029,1.079438236530208,0.056707205680934895,0.05624658302036381,0.006058320199257375,0.065588516322016,0.5655771373398968,N/A
65,965,10.580241796200324,339,3543,1.0824717897211755,1.0304349746987191,0.7575281416657278,1.0941332180915468,0.05651816866592252,0.05753826223578063,0.007132175204485341,0.06896139952343665,0.5644745158394573,Disease
66,1781,15.088470896500256,817,1,1.0822392201439497,1.0346897737653584,0.7549894616879333,1.0952292845134455,0.05597632211514961,0.05716508158582593,0.006580912527046269,0.06964902330817833,0.567276488202686,N/A
67,2225,14.362112359550672,1013,569,1.0837119497281122,1.0350513379715032,0.7548636625736187,1.0956221496123846,0.05647570542349942,0.05678537987210258,0.0066395302457391185,0.07067794715579681,0.5677644139257204,N/A
68,3125,15.251018666666807,1421,521,1.0839456653866788,1.0335935536417369,0.7506737836403348,1.0960794182822367,0.05651435160710206,0.055587375939378396,0.006074899905597205,0.07099239894971801,0.570797188223173,N/A
69,4404,14.835263396912035,2105,826,1.0817329870368113,1.0362389700361703,0.7503503149389849,1.0943992754942784,0.057275033449537334,0.05595727353445521,0.0060724612436509895,0.07142641950753097,0.5708215960129637,N/A
70,6142,14.334103983501704,2935,1197,1.0819408648320437,1.0360342398622038,0.7504841623911526,1.0935710239017638,0.05783008197451159,0.05668161121806584,0.006129527724801364,0.07173008283304326,0.5705732005258322,N/A
71,8606,14.38047098923245,4099,1635,1.0820205070237552,1.0373868302360085,0.7499368766474431,1.0941928439163537,0.05814025604507461,0.05710633486358569,0.006214631154470934,0.0718763105914979,0.5713547866485978,N/A
72,496,13.9104166666668,2765,10875,1.0937596653299844,1.0746628353836747,0.7555741626550365,1.1467101150780328,0.05699605019129866,0.06117183226896688,0.006807707367899052,0.06182723209076054,0.5850089957448235,CRITICAL_OVERPOPULATION
73,648,13.550514403292274,311,159,1.0914561677516135,1.0661187678471369,0.7567590754301042,1.1497426436776403,0.057773144060823504,0.05994385709737336,0.0070177750597325205,0.061015384537215195,0.5827160737863941,N/A
74,932,14.753898426323467,410,126,1.0835963737150043,1.064470061342311,0.7523711457652971,1.1590165534563812,0.056364304711320534,0.060174157940478215,0.00651108990827814,0.06187753148892367,0.586072978675934,N/A
75,1222,14.576813966175804,541,251,1.0921098382459669,1.06197718923411,0.7530373024096497,1.1597116928376723,0.05660458378410944,0.0594316923660004,0.006407673469551853,0.06250490635348457,0.5867436154382436,N/A
76,1649,15.01113806347295,739,312,1.0888721421187348,1.0678704909229682,0.7524556560565757,1.1593311525949013,0.056641132104829,0.05909359551884392,0.006504670408902479,0.0630269000928393,0.5876003029007333,N/A
77,2266,15.124021771109291,1041,424,1.0856626849783475,1.0653697940871067,0.7517613166875169,1.154704803685625,0.0572339234278219,0.05907462661599733,0.006404841802393647,0.06440293828165933,0.586309725240477,N/A
78,3129,14.986246937253785,1486,623,1.0827372466267076,1.063696263115753,0.7507467423973742,1.1504272197453025,0.0560449278555822,0.05891269640185582,0.006240453263366385,0.06524097262705045,0.5855255917523459,N/A
79,4388,14.507019143117722,2116,857,1.077521722914679,1.0622830899412032,0.750606033549583,1.1486455602266503,0.055889463714527854,0.0591841881123561,0.006256615218942581,0.06609105026837606,0.5841413872879216,N/A
80,1011,9.704451038575643,352,3729,1.0788323881064588,1.0621708326760415,0.7439859098554803,1.142275982683939,0.05567430876226079,0.057157693245877814,0.004684029436373167,0.06480176076988606,0.5884124345140208,Cat Judgement Day
81,1895,14.963377308707285,885,1,1.0794533139559586,1.0654695655146265,0.7423294362958921,1.1403138877542227,0.05648113167185795,0.05663838043273446,0.004547812421294011,0.06423335021612377,0.5900770568240117,N/A
82,2414,14.065147749240646,1130,611,1.0794564935925988,1.068772921994977,0.7450585139186714,1.1438130465792224,0.056140165269802596,0.05524571160061547,0.005123026270120717,0.06362749061131165,0.5891335871688146,N/A
83,3434,15.092564550572842,1573,553,1.0773459865883692,1.0707970037053378,0.7443174880525437,1.1466740695883262,0.056742978765898386,0.05540608342991255,0.005177239311498666,0.06405415805323139,0.5902171430460764,N/A
84,4903,14.720307294853626,2358,889,1.0771833995036484,1.0713252007360758,0.7442925576949185,1.1456668507245515,0.05665308795488565,0.05525588697126351,0.005266229538065952,0.06407220293181723,0.5901219741094587,N/A
85,6904,14.25188296639642,3330,1329,1.074047772879235,1.0728264644180556,0.7450503452938244,1.1475213034340996,0.05699856918961167,0.0548912347887216,0.005491743250104122,0.06446177136776893,0.5895611505165571,N/A
86,9756,14.057038403717497,4621,1769,1.0741315472506001,1.0711186055309925,0.7453677729114542,1.148723158197321,0.056914541246258554,0.055087927431549194,0.005551205503070307,0.06480504197718412,0.5892345462540268,N/A
87,505,13.543960396039738,807,10058,1.0858495700893254,1.084586444733109,0.7607842134270666,1.1657370680497006,0.05335541872813579,0.058738391227511864,0.007536124832924999,0.05486042313258479,0.584690205009003,CRITICAL_OVERPOPULATION
88,578,14.752652825836327,248,175,1.0911792965288032,1.08191086153612,0.760369597195779,1.174986964932958,0.0526471604433663,0.058218848136536376,0.007562547053782992,0.05528321666911114,0.5870964393010087,N/A
89,795,16.067085953878564,344,127,1.090547110108614,1.0756493281104453,0.7526774485354875,1.175893565100939,0.05249577435325935,0.05778914980509967,0.0060983860270232,0.056539501560490105,0.592035806718682,N/A
90,1086,14.847513812154837,519,228,1.097194999962343,1.0788138325651087,0.7492673108811116,1.1678536775049442,0.05303070752627599,0.05697479807575792,0.0054835544808119864,0.05973128025492657,0.5950457576304569,N/A
91,1483,14.26511575634987,699,302,1.1023659805887343,1.0742843640040534,0.7493968816049436,1.1677140746816639,0.052570599091129815,0.05831234156979873,0.005695290213573345,0.06176540896763753,0.5950321743376715,N/A
92,2064,13.874370155038886,972,391,1.1027664136439452,1.073193061366959,0.7489689737850429,1.1649443698040975,0.05228666355238305,0.05887195333398213,0.00597744741628482,0.06284760070326191,0.5947560734380709,N/A
93,2849,13.79405639405652,1307,522,1.1050650041376833,1.0738080535345778,0.7488696591377689,1.160942067745921,0.05288273571236659,0.05927870503870818,0.005979699389514311,0.06304362176818647,0.5946411073748255,N/A
94,3918,13.913399693721415,1777,708,1.104842107030002,1.0717964456339615,0.7478534483087168,1.1614274008227543,0.052374369750499986,0.05894036154770798,0.005703630594958935,0.06170187741413993,0.5951372711745081,N/A
95,905,9.023977900552463,317,3330,1.1034752344668148,1.0787662301724197,0.7515066706555167,1.1659179200916105,0.05067035572679385,0.05897405474110583,0.007032357651475842,0.06060800705803632,0.5940349816296988,Banana Peel Pandemic
96,1676,13.716905330151292,771,0,1.1024764183241789,1.0848254634152883,0.750259941019678,1.1695901095204433,0.051383414298287355,0.059025951930704965,0.00677949958695107,0.06141002133689993,0.5965740330295941,N/A
97,2047,13.603061390653082,897,526,1.0965141413099986,1.0789955451124946,0.750641303542353,1.1677445471806014,0.05174281885969393,0.05964523969948674,0.006761750909720663,0.06343925485035724,0.5938485253122339,N/A
98,2909,15.193067491692595,1288,426,1.0960710295567209,1.0881324623442288,0.7465630920926817,1.1659890830907624,0.0523567075852599,0.06021741199170516,0.005999520810929325,0.0626788198205694,0.5983316722503795,N/A
99,3978,15.142131724484807,1840,771,1.0956244972631388,1.086462456772209,0.7467457964704445,1.1630602311891942,0.052785425911861535,0.06060408599835287,0.005744244366454389,0.06319127423291704,0.5972844129886691,N/A
100,5426,14.98779334070538,2563,1115,1.0951719515245366,1.0899088457632804,0.7471225674948023,1.1625718577311175,0.05289928698119542,0.06001058158535532,0.0058064532446209065,0.06299048038311413,0.5974303370764706,N/A
101,7604,14.822913378923506,3672,1494,1.0922962885329015,1.0912004575138867,0.746804577601818,1.161197261146116,0.05327703701331748,0.06015514873890211,0.005804887450342631,0.0631704134254266,0.5971564909137863,N/A
102,232,10.417672413793076,3625,10997,1.1220190826130951,1.047405469243029,0.7487338770259802,1.1520042662151317,0.04535910911757424,0.056200761226030696,0.0076665761358142405,0.061896910389020524,0.5914747406673941,CRITICAL_OVERPOPULATION
103,499,13.406279225117036,267,0,1.1331205150054278,1.0430553293559877,0.742677278283041,1.1491579625972252,0.044828707126055856,0.05780816875279768,0.00546446052160238,0.0658763972681019,0.5969993345600153,N/A
104,606,13.96039603960406,255,148,1.1266539674562857,1.0334622261927249,0.7411067887420822,1.1551329204823846,0.046306029771382665,0.05811646845100981,0.004839251554626111,0.06773740346522955,0.5964500959002204,N/A
105,864,14.766319444444589,383,125,1.1307119146724653,1.038521602816405,0.7402231300752581,1.1509208078491606,0.046579757569487394,0.056662423897857014,0.00439783068483784,0.06845272158569622,0.5980456775694059,N/A
106,1141,14.65752264095836,503,226,1.131767001472758,1.0416017089860226,0.7413048802955835,1.1589478280490886,0.046183690217921354,0.05636773534323341,0.005091063337140852,0.06859777674521084,0.5993605109194589,N/A
107,1543,15.070187945560738,687,285,1.1305693203923863,1.0442221352817465,0.7423204060781897,1.153166053574161,0.04560235655878562,0.05493658759738361,0.005849630972181006,0.07064244638299573,0.5977576047573102,N/A
108,2072,15.328297940798077,1001,472,1.1323215023104547,1.0437352500031367,0.742421438767936,1.1530037312941679,0.04508556172259599,0.05501775816348905,0.005776492121015227,0.07013731637825811,0.5978743446368153,N/A
109,2926,14.85047846889965,1457,603,1.1322007455374934,1.0414334639527327,0.7420678694417923,1.1497167364148293,0.045427114362062385,0.05540025868977457,0.0052797276257814186,0.06967998525872739,0.5971333320055102,N/A
110,698,10.67516714422157,259,2487,1.1394536222652782,1.0335785937310553,0.7462315155516044,1.1430046422265443,0.046747239433604024,0.05434770776344531,0.005677463015733854,0.06696212166611347,0.5924947399685039,Banana Peel Pandemic
111,1269,15.27633307065948,572,1,1.1345454672330701,1.0366389975120907,0.7456743310943088,1.1390152044373254,0.046066734761557614,0.05527525500856213,0.005686704813338425,0.06705244482958606,0.5918937228847394,N/A
112,1612,14.360380479735431,745,402,1.1346338370347306,1.0315962650460249,0.7477719940748859,1.136755434778868,0.045139766489510194,0.05493631482212695,0.006332572907035212,0.06684272009157022,0.5889469986451235,N/A
113,2249,15.111101230176514,1020,383,1.1292132017622973,1.0371811495904915,0.7490392282804622,1.1375718683451053,0.04587240148721795,0.0553081623134009,0.006469773801368361,0.06799158725159571,0.5881251777752095,N/A
114,3168,14.77048611111125,1498,579,1.1305989946353323,1.037271247586811,0.748572153921807,1.1403104089159493,0.045914581617120864,0.05508862298960423,0.006485409793708951,0.06834515973584174,0.5892428020120473,N/A
115,4392,14.329295689131882,2083,859,1.1252327550979486,1.0394354968732957,0.7474303564455947,1.1412935112690765,0.046410474701377435,0.0552252191686117,0.00623914865095402,0.06948145580623857,0.5897471222089192,N/A
116,6159,14.35409427937449,2862,1095,1.1226764907798117,1.0380175330099188,0.7472709547008854,1.1413777463761745,0.04695782771833134,0.05502054583288643,0.0061107257791739086,0.0698612853433479,0.5891788423629454,N/A
117,8586,14.20872350337772,4002,1575,1.1195185021977234,1.0377258078168698,0.7463705871415097,1.137112940064294,0.047655897284222974,0.05543647749081997,0.005986298694011816,0.07114112748871676,0.5885114458034927,N/A
118,1994,11.316014710799044,706,7298,1.1121351327004239,1.034699306589669,0.746872029995842,1.1402646396795126,0.049370749706652235,0.05766060637100413,0.006106123330207058,0.07390221653043608,0.5868205791538176,Avengers Woop-sie
119,3717,15.78009147161707,1723,0,1.1089654402162976,1.0356399324669958,0.7449982268432349,1.1373406826502896,0.049573939762085954,0.05788477981712502,0.005630550660368424,0.0734914022316451,0.5873742938047165,N/A
120,4847,14.544295440478766,2318,1188,1.1054169530037619,1.0383498390992496,0.7463663845000771,1.1348766539761412,0.050350998451901725,0.057373858137407655,0.005803636614311758,0.07241581136966942,0.5857075942267002,N/A
121,6694,14.673827308037177,3170,1323,1.1028810528990838,1.0374171217185015,0.746113599922575,1.1322772316854728,0.05047435104733998,0.057060114617923235,0.005855053533395502,0.07218148700309553,0.5848216512235593,N/A
122,9579,14.539597035181258,4623,1738,1.1028554786948745,1.0366393094662592,0.7462324210979585,1.1313346615979891,0.0506639641638753,0.057066079579322616,0.0057850841541475795,0.07204209449128361,0.5844165717961587,N/A
123,476,14.108823529411907,830,9933,1.0959215344725266,1.0304945789219557,0.7488315396508528,1.1223949566451283,0.05504164065673087,0.05230099072866717,0.005342985653642975,0.07191922676667288,0.578467634443636,CRITICAL_OVERPOPULATION
124,577,14.827151935297636,238,137,1.10134766609708,1.0393928157245411,0.7481487741773729,1.109688348394339,0.05314268265385603,0.0516749765972916,0.00599351077885781,0.07216210003314927,0.5792838612507196,N/A
125,746,16.573458445040373,319,150,1.1060163373943905,1.032720122280432,0.7459868255751786,1.0970560739692818,0.04985598582142249,0.04962583594748773,0.005751678270569312,0.07547255704501649,0.5783466807918864,N/A
126,1002,15.457019294743993,466,210,1.103804313812032,1.0277123451721515,0.7462963575085436,1.0954386917615515,0.050447575045143814,0.04855428027877385,0.00564762697994779,0.0774474566535656,0.5765279558232858,N/A
127,1369,14.283783783783914,660,293,1.1027476433264174,1.0247672321239218,0.7445681392688799,1.094546416254526,0.050287819805538585,0.04874311010680544,0.005209197043155955,0.07711779757439859,0.5769897334704172,N/A
128,1900,14.660140350877327,901,370,1.1034507582636042,1.0188208642823415,0.7452716543147199,1.1000425147727155,0.05011102296319172,0.0491498782171669,0.005316497372510456,0.0775596211873015,0.5764903072435767,N/A
129,2640,14.555479797979933,1227,487,1.1012701849040845,1.0234968846584014,0.7446901223298555,1.097900585385389,0.05084639228313809,0.0495273463436273,0.005087572148457515,0.07732234960907383,0.5770037869112339,N/A
130,3654,14.657425652253375,1671,657,1.101568444409927,1.02627811009972,0.7447669033829502,1.0955613007619112,0.050770967825514046,0.04903635543587252,0.005109747455982617,0.07558828060464687,0.5770768170336058,N/A
131,839,9.896583234008714,290,3105,1.1035084832496371,1.0286913304691296,0.751155208160291,1.0816124925006612,0.05292239060698315,0.045249954187609215,0.00599748711332513,0.0767532678467707,0.5704657344324546,Avengers Woop-sie
132,1549,14.466903378523929,710,0,1.1074254945450828,1.0280925567141446,0.7493004749914767,1.0849532337455046,0.053749188739219286,0.04558418085225926,0.005875300321760441,0.07707134807602144,0.5730627240545237,N/A
133,1956,14.90288002726665,907,500,1.1128584419136023,1.022570967213387,0.7471646557489233,1.0906908115201897,0.05461850837308098,0.04460315350817527,0.00558691813369682,0.077132177389946,0.5757089276684205,N/A
134,2659,15.276043625423226,1241,538,1.114504362986483,1.027044855607992,0.7436204293938945,1.0930696059525604,0.05478378905422074,0.04488380620137451,0.0050969812257434825,0.0769229456261437,0.5799766828503243,N/A
135,3865,14.812833117723292,1919,713,1.1130967556537268,1.0316648468304603,0.7426992998014095,1.0915276865542587,0.05490850658924074,0.04537940906631729,0.0050022958883903694,0.07581185284913787,0.580995887102411,N/A
136,5430,14.521780233272077,2608,1043,1.108737891347375,1.0316887655172289,0.7436003506578323,1.0878609720514576,0.055059271742180074,0.04523552299127545,0.005244557609202626,0.07578746509887738,0.5788571107334077,N/A
137,7726,14.485274829579907,3673,1377,1.108028817724291,1.0305703793539271,0.7441390951209063,1.0850622016309868,0.05487954665075089,0.04620427669552765,0.005220859024476445,0.07661429638323325,0.5776091091653469,N/A
138,527,13.280581910183555,3947,11146,1.1315384992427469,1.0541973805217426,0.7463819823035371,1.109017725496952,0.04539201484844083,0.04851243219815153,0.005151356367504004,0.08108884803997637,0.5885732655894576,CRITICAL_OVERPOPULATION
139,670,13.46442786069661,303,160,1.1322853028486886,1.0490297869046934,0.7480840702085632,1.1134155769554237,0.04571851015714189,0.048997337096579746,0.005606568642402897,0.08160908188128731,0.587230018285734,N/A
140,972,14.722325102880802,433,131,1.122857067444507,1.0461983735767573,0.7486407209948984,1.1001557952808625,0.045162044441079886,0.05001650214105818,0.0058060478266036735,0.07889892888353739,0.5822483593033414,N/A
141,1284,14.7046728971964,564,252,1.120421779926706,1.0437372384793415,0.7478659822569242,1.0915294665456816,0.04528698992476874,0.0505195608186883,0.005740708157345216,0.07658140736146739,0.5804406247808642,N/A
142,1729,15.16932716406415,764,319,1.1173753069420838,1.0373622711821184,0.7477111195631337,1.092030040539628,0.04559362076444436,0.051152238900599264,0.005772523523533153,0.07681158336821284,0.5789700565214408,N/A
143,2373,15.421604157887488,1084,440,1.1190206090839754,1.0329257400162724,0.7478733279255834,1.0857161431611058,0.046466902286230495,0.05196335790772535,0.006003544757316146,0.0760050494882251,0.577221189982682,N/A
144,3171,14.906580468832255,1570,772,1.1201682248668612,1.0290083374619126,0.7481640060953096,1.0812895282642458,0.047858605509042015,0.051606150409877184,0.005860977067062403,0.07451152041289137,0.5757144270105371,N/A
145,4552,14.663027240773415,2253,872,1.1223650513498877,1.026622810161061,0.7466750470813442,1.0750823571672752,0.048136041151270716,0.051350549874642486,0.005683526770334617,0.07439540754970633,0.5757203630112271,N/A
146,1035,10.131594202898526,352,3869,1.126193318894911,1.0293786265894191,0.7470668713567166,1.064573205105604,0.04767555972819175,0.05207085517515699,0.006492955570385967,0.07512049729327672,0.5747178776186331,Pigeon Coup
147,1929,14.836426473129585,895,1,1.1319167192164608,1.0264331496372565,0.7464531315310902,1.066499310067907,0.0480580456193107,0.05238893533955429,0.0062841801128723585,0.07488296001530496,0.5760306606805017,N/A
148,2415,14.235969634230607,1102,616,1.1397574871599951,1.0236636084982949,0.748071249435541,1.0710691476468837,0.047345805023329926,0.05214499903918793,0.0065874568576579475,0.075114590520148,0.5765030618399456,N/A
149,3394,15.301767825574684,1537,558,1.1406458380443703,1.0293031438224751,0.7460151483424856,1.068073137630283,0.04863851150407146,0.05265365447450345,0.006331462492750431,0.07409531369932389,0.5787232116651507,N/A
150,4825,15.000960276338656,2299,868,1.1364291066334586,1.0324959105556786,0.7458811677356727,1.062634639952835,0.04941824948298639,0.05246939413919334,0.006224906374636005,0.07356667455418056,0.5776719397009329,N/A
151,6739,14.408794578819935,3236,1322,1.133663187969173,1.034314374955468,0.7466078514167229,1.0579556665813998,0.05005259297761377,0.0525357604673134,0.0061788679716806615,0.07315818365941493,0.5761048852950373,N/A
152,9524,14.164066218675757,4502,1717,1.1310349700752627,1.0350216817612452,0.7461493896425295,1.0575238239540734,0.05011971808090712,0.05274013643535089,0.005937916331026506,0.07279135640284629,0.5760384395828931,N/A
153,498,13.578848728246447,1076,10102,1.1203416119005583,1.0189804027876042,0.7472787808121935,1.1084709462724498,0.05471093374245111,0.06156125113717231,0.006563651243131713,0.07077280618288778,0.5794879669816915,CRITICAL_OVERPOPULATION
154,633,13.185044760400299,300,165,1.1281401182823196,1.016000119921015,0.7495131877446188,1.1124721677396041,0.0538405358253926,0.06326770568470132,0.006695174223572977,0.07052278566905155,0.5793293494483626,N/A
155,905,14.476206261510272,399,127,1.1329858806208326,1.016537658058499,0.7470369612605026,1.117446446976852,0.05493343963404597,0.062260701121297696,0.006404699592057048,0.07195942756683352,0.5830983213367303,N/A
156,1201,14.390258118234938,534,238,1.1337393053957807,1.0144470591379038,0.7465256905886417,1.113600808342196,0.05566489170385018,0.06310535815469742,0.006274068400376758,0.0705090013925008,0.5825719889700308,N/A
157,1620,15.086255144033066,705,286,1.133260563980064,1.0150991279420312,0.745555093329878,1.1133221895816503,0.05732437616595255,0.061883246108784686,0.006147126943564141,0.07101980113255844,0.5833115774066759,N/A
158,2210,15.104298642534081,1003,413,1.1300054943542828,1.0142823031702468,0.7447623596880747,1.1146841928146114,0.05812237278393787,0.06208971142936527,0.005978875205017663,0.07040236684389242,0.5834473145150318,N/A
159,3020,15.012494481236342,1436,626,1.1275824717575653,1.0150278978016047,0.742565033904513,1.118318677812466,0.05929470610421362,0.0622518368112608,0.0053060063328512095,0.07122889369444778,0.5855251995415954,N/A
160,4213,14.619234116623282,2036,843,1.1283114011387165,1.0185620404262745,0.7432692360276822,1.115573871451674,0.05932168884840835,0.06204437003946088,0.0052829381390706994,0.0713809569201743,0.5852428083713771,N/A
161,966,9.765734989648008,334,3581,1.1104941246483089,1.0018841915755465,0.7458368199287992,1.1008007208088875,0.06015327036062866,0.06320939911931876,0.005117226244872157,0.073533347051959,0.5744203827926663,Zombie Outbreak
162,1825,15.108401826484181,860,1,1.106009965983242,1.0060983337361866,0.7476790119801783,1.1055806444807617,0.06057768146298853,0.06356063187680717,0.005544397568634452,0.07300282369232791,0.5738093295193357,N/A
163,2292,14.467713787085627,1041,574,1.097915689909135,1.0021903054616224,0.7511708275389192,1.1091377175061266,0.06091014094197951,0.06323066602441639,0.006265160372421649,0.07235498512779269,0.5696429440941619,N/A
164,3170,15.165226077812965,1479,601,1.0934431938102689,0.9990954004465296,0.7506800429324745,1.1136174635940415,0.06085475545530396,0.06364763739519635,0.006291093694660444,0.0725884993661614,0.5694669498740964,N/A
165,4477,14.945573672846539,2149,842,1.0899528656723239,1.0013412204617869,0.7503799970686387,1.1147441923580994,0.06097603092718548,0.06411895133288874,0.006073787042454596,0.07276291192503764,0.5696737281584631,N/A
166,6262,14.456856169488045,3029,1244,1.0891402669424963,0.9974889576386529,0.7496813774225151,1.1139726809916861,0.06124116188505624,0.06391465500719967,0.005992525607321212,0.07315530758700334,0.5692377236450056,N/A
167,8882,14.363435412444776,4229,1609,1.0877884785070302,1.000054309015573,0.749572835084565,1.1142805769870132,0.061029076315058786,0.06382788523441797,0.006021926543995506,0.07290844653028408,0.5695907881806417,N/A
168,508,13.478674540682547,2134,10508,1.1291445936412814,1.0189934979083553,0.7477872461590367,1.0782858146449215,0.061057913672660086,0.06579027115581074,0.005285586706130397,0.07509457998645726,0.5752837539940916,CRITICAL_OVERPOPULATION
169,633,13.747919957872664,278,153,1.1212757730288114,1.0131168216425799,0.7514150339935824,1.0704838054375516,0.0610019485225006,0.06425708318575207,0.006430723441179203,0.07264855191595644,0.5686828636855682,N/A
170,888,14.918055555555705,383,128,1.1110644065030097,1.0132483289646448,0.7524802941464998,1.0724148470335737,0.061080876739572514,0.06440739460326286,0.006670890593006483,0.07266223765738068,0.5664338955440003,N/A
171,1150,14.573565217391439,512,250,1.104759075349961,1.0204893610896852,0.7542318174004973,1.0742963210801644,0.06040844419665286,0.06367010482841151,0.007213570128399684,0.07279969722715965,0.5656165091783449,N/A
172,1551,15.299656135826492,682,281,1.1032409806239154,1.024704127131627,0.7538496476049056,1.0747880788402515,0.06002360107231289,0.0643215360716862,0.007607881225421883,0.07154152130283815,0.5664671899799228,N/A
173,2141,15.305620426592078,985,395,1.1068848905805122,1.0279461018557223,0.7514998863009122,1.0799621220069715,0.06008586439853645,0.06474628194783395,0.007261289780803947,0.07174281021689419,0.5703781061573269,N/A
174,2958,14.790263691683705,1398,581,1.1067813287518442,1.0313957206878226,0.7508659215937863,1.079291547104005,0.059581093025103456,0.06399879517536541,0.006966435301890597,0.07122497952847046,0.5713347756706071,N/A
175,4160,14.5004807692309,2002,800,1.1101282975079227,1.029753155656486,0.7505722489523875,1.080893905382395,0.05855349557151002,0.0633190192026314,0.006689349428957607,0.07091930824980662,0.5721457395637718,N/A
176,946,9.622938689217733,322,3536,1.094966919727594,1.022235935853751,0.7475922496583283,1.0844154946812474,0.057741865416528274,0.06357295805401393,0.005784503214528798,0.07344886973555245,0.571009727423976,Banana Peel Pandemic
177,1755,14.060550807217618,809,0,1.0937506872497798,1.0176795568829065,0.7463620051875256,1.0877081329599363,0.05800177079831694,0.06334506029722978,0.005508614533641321,0.07252859405913224,0.57150790185947,N/A
178,2179,13.581398194890717,981,557,1.088907404798421,1.0045683473985432,0.7466150532040291,1.0954008580605283,0.05880980792293528,0.06066476701826415,0.005599077036849183,0.07309284023590608,0.5694816173471143,N/A
179,3114,14.902526225647756,1400,465,1.0864080216373915,1.0063898079873506,0.7442994799176598,1.0942885756531249,0.05924006300824825,0.0607884235598145,0.005156800335568291,0.07271013825544569,0.5709326225567962,N/A
180,4342,14.585782281590802,2029,801,1.082806219512216,1.0050943015799265,0.7440388662168028,1.0939816781680396,0.05938994181639194,0.05998465264934377,0.005081246383117822,0.07237027721317496,0.5701999978287917,N/A
181,5956,14.257549809715819,2798,1184,1.0803448000239353,1.0060755431715234,0.7450309560335177,1.0913804371900562,0.0592685937916839,0.060302014522650854,0.005124701850824582,0.07184365461687575,0.5687102895346092,N/A
182,8315,14.184177189817724,3914,1555,1.0824826486388066,1.005496681656834,0.7457433509034528,1.0906023509677636,0.05901126331189309,0.060538630822726876,0.005178001300192824,0.07156738509744935,0.5683066303195091,N/A
183,486,13.967626886145544,3217,11046,1.0633874133767698,1.0727036277862338,0.7500352989672211,1.0155114705266612,0.05652813043684992,0.0644822458700107,0.006815640354637257,0.0654538828080873,0.5602585222374359,CRITICAL_OVERPOPULATION
184,597,14.882970407593643,245,134,1.056749345883131,1.0708173921840727,0.7524249632948407,1.0114080333755315,0.057856403043497755,0.06398851469987184,0.007608240156018399,0.06489344865335529,0.5562414724957703,N/A
185,816,15.60710784313741,344,125,1.06313058067171,1.0636885642872276,0.7494663171677183,1.0112924844454647,0.05912673024786631,0.06514419700087415,0.007206463815237965,0.06756737736921259,0.5582837738483084,N/A
186,1034,15.486718246292861,462,244,1.0613351682139964,1.0679793748197504,0.7452182408511547,1.0159549621116237,0.0589147426423822,0.06487921908485167,0.006064584623817502,0.06731609234079675,0.5627469167605604,N/A
187,1340,15.322412935323518,613,307,1.0590234815991066,1.0679863825623044,0.7437593989925856,1.0194785898190382,0.05905445658094873,0.06446587199920785,0.005386522165871244,0.06760072911687451,0.5640692331852362,N/A
188,1834,15.297509996365093,877,383,1.0588509564861677,1.0713268414066235,0.7425803948092118,1.0196823807329654,0.05861910771949247,0.0649529666637032,0.005159356722176712,0.06817379487365771,0.5655702198520942,N/A
189,2577,14.894140473418835,1275,532,1.0556223263984397,1.0703905492436172,0.7421081385334464,1.0227728931742543,0.058869785789879885,0.06478158238234293,0.004993438288489524,0.06821726991603216,0.56573709505265,N/A
190,3646,14.570177363320662,1796,727,1.0503331982607993,1.0713879815041216,0.7426127222181328,1.0262939874760417,0.058664179370538194,0.06450422409394405,0.005311195775932315,0.06769160452875324,0.5652143345705255,N/A
191,834,10.111151079136668,287,3099,1.061413029551686,1.0794629566897151,0.7371703572709745,1.0124398491617927,0.056592811225080156,0.06424286767372538,0.004818555687004804,0.06489421064354686,0.5703459278308219,Volcanic Winters
192,1558,14.517843388960356,724,0,1.0652479560829011,1.0831214790284158,0.7376104473584645,1.0130833786096864,0.0562992850971915,0.06367575267289041,0.004992947466239932,0.06500951760234695,0.5714765067916847,N/A
193,1947,13.996558808423316,898,509,1.066622975882186,1.0860769730500601,0.7399076673410546,1.0092920468527886,0.05591718030220041,0.0634040723665311,0.005452972125505833,0.06470955347818913,0.5697993835993123,N/A
194,2782,15.375197699496907,1253,418,1.0680758707640088,1.0872947119067082,0.7374183653365263,1.0094598983547869,0.05639991299734833,0.06271861336551535,0.0049318569049190564,0.06485192176678166,0.5722360837561928,N/A
195,3947,14.795794274132389,1921,756,1.0696467492143888,1.092245726101989,0.7368143442011159,1.010782745434116,0.056942350291262066,0.06273627963946829,0.004608197874993251,0.06434085309025683,0.5741247657513938,N/A
196,5565,14.364115004492492,2698,1080,1.0667909930399622,1.0914400535821394,0.7374502611231384,1.0164618454801122,0.057697055574737734,0.0625010933103664,0.004664301071471319,0.06506299610415915,0.5739944887523034,N/A
197,7913,14.31872446185615,3766,1418,1.0676386008212653,1.0900535324961766,0.738468507425678,1.0201399268418097,0.058105837294263205,0.061844665466809806,0.004742824105990979,0.06458219421096588,0.5737698183388146,N/A
198,499,13.292384769539217,3878,11292,1.079515183206266,1.1052969014649767,0.7330594921578563,0.995955706543704,0.054848788820732686,0.06648130717618092,0.003918761091394129,0.052653333308877295,0.5785374539160419,CRITICAL_OVERPOPULATION
199,594,14.442199775533219,233,138,1.0761230717685217,1.0969155155078336,0.7332509772322022,0.9995627540912376,0.056261121258099595,0.06480286326675973,0.004018934827145723,0.05130266680253307,0.576901395725502,N/A
200,839,15.20218514104107,364,119,1.0716524001472316,1.0962790495652408,0.7350498035343859,1.0083204306814124,0.056472383397296225,0.06477461950121972,0.0038617328420787606,0.050344554589309,0.5761517773120161,N/A
201,1099,14.440430694570951,497,237,1.0676438832823627,1.0920285231597933,0.7388247853582792,1.019975055805238,0.05799744054691176,0.06410462878346587,0.004365473289727349,0.04949535700967078,0.5738207534019466,N/A
202,1496,15.093672014260386,688,291,1.0667693819172732,1.0977046012157707,0.739434374188843,1.0333369429381745,0.05736861861346272,0.06491927585191082,0.004072023582551513,0.051039125385260786,0.5766228958595019,N/A
203,2045,14.995892420538029,1004,455,1.0591983993809797,1.101149219578479,0.7416790776140875,1.033209433787059,0.05718543842095124,0.0641375099887039,0.0040362702489026405,0.05171009579911794,0.5741130090964038,N/A
204,2926,14.698792435634669,1458,577,1.0547069720265887,1.1041963212466925,0.7431961217431086,1.036753160629757,0.05570710223869939,0.06497955890935707,0.004317334434244353,0.05332727428596844,0.5733177484668739,N/A
205,4226,14.405552926329202,2094,794,1.0527739428622311,1.1071469293461083,0.7435446155673217,1.0411073903217283,0.05569257974801208,0.06432062751578702,0.0043906682621141415,0.05288877546934596,0.5740123180257217,N/A
206,942,9.95856334041045,308,3592,1.0448699044272687,1.112601347086346,0.7465505988304881,1.0417205536231557,0.05582364704470638,0.06412142811251426,0.004791969207047204,0.05712536686948516,0.5713730697152972,Fungus Takeover
207,1763,14.359841179807296,821,0,1.0478668387252508,1.110322051518711,0.7459225863084751,1.044215850166874,0.05524078679433845,0.06418604920368078,0.004334401070634341,0.056358533600344915,0.572428435013047,N/A
208,2168,13.636377613776231,996,591,1.04912161516005,1.1038078795440969,0.7487630549442222,1.0449709837160677,0.054248607204045805,0.06538686592028953,0.004720020867648318,0.05613785913329987,0.5694548197063376,N/A
209,3120,14.997211538461675,1425,473,1.0503033282404306,1.097047835508186,0.7484585611493466,1.0476702773503852,0.05372617693373161,0.0654347972994292,0.004913614567484182,0.056408533362220764,0.5691736068313823,N/A
210,4465,14.592997387084866,2156,811,1.0481020721548802,1.0978200408691465,0.7510435414462365,1.0451292025971788,0.05337489097942894,0.06514611929940545,0.00532272119854494,0.057472029428226,0.5665097764241297,N/A
211,6276,14.151715530061734,3060,1249,1.0449190148707368,1.0989749723097668,0.7522188788094633,1.0427437254483227,0.053484840262291104,0.06480519650802635,0.005649322568704196,0.05812323685513333,0.5648422823726197,N/A
212,8872,13.944649834686029,4237,1641,1.044159025079238,1.1000961327541987,0.7522449507489756,1.0413107034792575,0.05417071530643108,0.06496358106615498,0.005839955741014715,0.05872865958213218,0.5646327229166463,N/A
213,502,13.803652058433068,2183,10553,1.0525084943329317,1.115276787726601,0.747907469674295,1.0534590036113727,0.049794977545932234,0.06594076128813493,0.004857647666208535,0.06078990061234998,0.5742678813951356,CRITICAL_OVERPOPULATION
214,650,13.438666666666759,309,161,1.0619279684750431,1.1174019281023795,0.751658374965515,1.0614538411750325,0.04944679168543029,0.06462541967652952,0.005964997961648252,0.06252428225847713,0.5748682017769287,N/A
215,919,14.755749002539138,399,130,1.0648326572679372,1.1156152895307692,0.7532332734310062,1.064709518569551,0.05172848745166632,0.0637001427909576,0.006652345319067368,0.06330396183909834,0.5744404519972839,N/A
216,1198,14.615859766277264,529,250,1.0651521953325591,1.112332981604378,0.7546585763477889,1.0676213324932502,0.05119836427816126,0.0636067515302542,0.0071574311347981,0.06448328403923834,0.5733465191875344,N/A
217,1620,15.119917695473392,723,301,1.0603136998756406,1.110526893086266,0.7537146116495067,1.0680829504869354,0.050995657027755506,0.0647332922591494,0.007116156530796292,0.06529643046302679,0.5729708112129156,N/A
218,2228,15.03055056852198,1037,429,1.0577624640497192,1.1053849488367322,0.7521524664807159,1.068993538471607,0.04990709200149463,0.06356816777039102,0.006607320784055717,0.06624477207308245,0.5729584705932625,N/A
219,3110,14.947706323687164,1500,618,1.0562741160752493,1.1026873968839963,0.7512419977247081,1.0703597834251413,0.04996946082704397,0.06342494399446433,0.006620739793345086,0.06697264924755424,0.5731524251244482,N/A
220,4387,14.469052503609278,2123,846,1.0562725650842286,1.1016444898862392,0.7526650726667565,1.0678480391266467,0.04944278401702355,0.0629944688332659,0.006543312126552583,0.06653597433150639,0.5714387822227406,N/A
221,1006,10.47657388999335,347,3728,1.0562901542930976,1.1176329550391018,0.7460837032279677,1.0490766736764967,0.05016710274376727,0.06012406084512127,0.004990981342017086,0.06625664061118575,0.5759853787743886,Meteor
222,1871,14.95683235346533,865,0,1.0555618045621826,1.112176278128023,0.7442569577292357,1.046212274300339,0.049393400503193255,0.060127517031139596,0.004844155429915296,0.06731381281840854,0.5757779081741632,N/A
223,2352,14.188449546485364,1084,603,1.0579902801037753,1.1065115597860087,0.7445314913729054,1.0449700970309226,0.049359735117183494,0.06051124708704,0.004802940509675133,0.06855300043319384,0.5747635883075026,N/A
224,3357,15.116145367888132,1548,543,1.0575577081742304,1.1032428092849127,0.7425475888965082,1.045469378192528,0.049336366188373094,0.06050789861699715,0.0046741578143777536,0.06920491532111143,0.5757242487163189,N/A
225,4814,14.710891843235142,2353,896,1.0550088111409477,1.105229404372176,0.7425675891714102,1.047163946838454,0.050039247689803126,0.06086442480688178,0.00476966429702557,0.06826781671654315,0.5759120487928537,N/A
226,6850,14.169883211678957,3337,1301,1.0560065468149389,1.1041105357742609,0.7444190863096254,1.0478093676313938,0.05008388757360638,0.061022921643234966,0.005080626872737874,0.06880847899417702,0.5745735628790374,N/A
227,9756,14.032608992756723,4659,1753,1.0533891867548868,1.1034063658829973,0.7445154297342108,1.0476767507170077,0.05066939657322435,0.06082559640094803,0.005126729587132332,0.06925579871966345,0.5738806164610767,N/A
228,527,13.08412397216964,785,10014,1.0470972671777354,1.0675756290881742,0.7507050182034785,1.07883871072935,0.05519228803110146,0.0700069750267178,0.005665325094543931,0.06812576296794244,0.5672022129522445,CRITICAL_OVERPOPULATION
229,631,13.275066032752337,270,166,1.0459178302692043,1.0650563848936836,0.7500237147588786,1.073230202964678,0.054957435362634886,0.071532416867164,0.005972017979878406,0.06528834546666612,0.5660628867184091,N/A
230,904,15.121681415929357,390,117,1.0461809967424964,1.0669791383191254,0.7475701939004104,1.0648388974099703,0.05573379790219561,0.07323773954813205,0.005387339330813781,0.06510260590070094,0.5668139363860117,N/A
231,1188,14.839225589225727,528,244,1.0486986738191997,1.0686519081707786,0.7456277449941966,1.060324230365897,0.05584453178337687,0.0747066488398922,0.005065175664163641,0.06416929453432377,0.5682325769463972,N/A
232,1553,15.257050869285388,724,359,1.0553286643974924,1.0636806708455977,0.7450418948758736,1.0613641643068643,0.055653229338826514,0.07491464188825414,0.004824175795725065,0.06580237696070317,0.5691623556426206,N/A
233,2322,14.048076370944711,1221,452,1.0550658742652725,1.0625049050358506,0.7468563966742884,1.0607737042843388,0.05624844486849528,0.07472618289919504,0.005177698671005148,0.06544799042268953,0.5674173326560875,N/A
234,3247,14.065455292064593,1536,611,1.052022747702282,1.061407901221987,0.7476986755215226,1.0597575585934649,0.05589502480852505,0.07526373827997598,0.005622210440601045,0.06559862283333616,0.5658586471445285,N/A
235,4631,13.902101777873872,2237,853,1.047691047516341,1.0600609339237081,0.7476741914722113,1.0566717180999183,0.056097816073082944,0.07477859431311122,0.005600977741404717,0.06494416977572316,0.5643141956095511,N/A
236,1271,10.290322580645155,576,3936,1.058542298425216,1.0487929371207942,0.7471750090565542,1.048873375202283,0.05640773062121387,0.07129876363423457,0.005914062541606048,0.06273515338179353,0.5632252279125496,Spaghetti Tornado
237,2203,14.999470419125608,933,1,1.0569851895007665,1.0485694295621846,0.7463129619124591,1.0470993459495694,0.05660762918808138,0.07180711490146666,0.005439904618804102,0.0629333033841323,0.5632407360639892,N/A
238,2929,13.478434050301699,1374,648,1.0529368239644734,1.0500371907872472,0.7465891399969032,1.0466529662708448,0.05660223335023994,0.07216955099897492,0.005260320274312227,0.06198001209484454,0.5624917931944254,N/A
239,4022,13.82805403613472,1830,737,1.0542618421710064,1.0556229563584256,0.7468088412314374,1.0424730367845152,0.056542763509986015,0.07173120871747292,0.005331001621816403,0.06195965718582469,0.5628138753001231,N/A
240,5586,14.176954290488261,2507,943,1.054087556397053,1.0567372724199289,0.7462540338441597,1.043458646805501,0.057073627989136705,0.07076409580728588,0.005340018795656012,0.06229225274701712,0.5635763573920267,N/A
241,7633,14.457626970610203,3449,1402,1.0547618656218531,1.056703707951594,0.7470045516581272,1.0435527164481193,0.05712649400810866,0.07080919321659958,0.005522854776738847,0.06271194018178987,0.5631412879646436,N/A
242,267,9.158551810237178,4161,11527,1.0621809538267661,1.0886657737653502,0.7573092261298816,1.0559855649920846,0.05777618241377904,0.06981871352360186,0.007555061763374132,0.06785638064822115,0.5646011223134042,CRITICAL_OVERPOPULATION
243,433,14.782217090069443,166,0,1.0710035830102353,1.0778700898074571,0.75008459018199,1.0590786727699286,0.05753030090528141,0.0702153630821505,0.0064863962824359975,0.07009179113066716,0.57023832379746,N/A
244,520,16.50705128205143,196,109,1.0745094684946512,1.064943835375929,0.7489358189371308,1.0557375243379243,0.05838356859840153,0.07111570516529724,0.006116212234122729,0.07256265521192254,0.5688410581907241,N/A
245,673,15.815354135710905,283,130,1.0789517812146596,1.0600976286210317,0.7432202694658562,1.05405098976878,0.057761998793618395,0.07270725617168175,0.004335715794794972,0.07114718102242426,0.5728405661665311,N/A
246,846,14.419739952718805,380,207,1.0796623434887322,1.0670732032900931,0.7455792269995063,1.0533660293547604,0.05746062220192611,0.07438246223861988,0.004774895300985887,0.07003416676575779,0.5722801745272166,N/A
247,1137,14.763793608912477,508,217,1.0740333718370538,1.075414784025874,0.7455351622555538,1.0553859942264157,0.056996916688395106,0.07456251654399033,0.00526207546726991,0.06889204749861716,0.5731603841717116,N/A
248,1566,15.484035759897978,720,291,1.0713903425106195,1.0776191020414607,0.7481338708099374,1.0570440404350945,0.05622255453434495,0.07478365400682252,0.006025317193817892,0.06924504438037649,0.5713867727115501,N/A
249,2139,15.197397537790385,1008,435,1.0740522350978947,1.0845065272239014,0.7483982855110927,1.063415144035054,0.05648084746675791,0.07387795907097838,0.006245479869214086,0.06971271014134009,0.5740212520051432,N/A
250,488,10.657991803278668,167,1818,1.0789928138505833,1.0724856080708347,0.7584002887240036,1.0579351699546098,0.05752003005381129,0.07527554329182291,0.008818023559793888,0.07169433903707288,0.5642426810914177,Zombie Outbreak
251,901,15.381206067332764,414,1,1.083277876288542,1.0723900564118218,0.7548881459834743,1.0586974036739762,0.05703904616951511,0.07438225534921293,0.008254036377008932,0.07060300768171406,0.5677424491698063,N/A
252,1133,14.425272138864486,521,289,1.0814372905912275,1.0760541115362248,0.7537598628066646,1.0587555163251363,0.05653182033593234,0.07316363525395139,0.008250802159829384,0.06910959794909226,0.56892512273546,N/A
253,1543,15.102505940808092,689,279,1.0834965560043124,1.0728635071053836,0.7482444621472322,1.0613162987175804,0.05662947739566843,0.07297630700142246,0.0070356497986104405,0.06895639947300436,0.5733734582934803,N/A
254,2138,14.787995010913766,1000,405,1.0842448755647993,1.0722842969644721,0.7451586801657553,1.063703895505875,0.05654023172321165,0.07230272695451377,0.0061797071547451,0.06809229199255634,0.5762053378695714,N/A
255,2917,14.36078162495728,1360,581,1.0818740028926122,1.0683447424494579,0.7448941244040497,1.0666792838518222,0.05578746812540166,0.07210863667972162,0.006182992352122084,0.06898226134152888,0.5758130225137811,N/A
256,4016,14.379697875166137,1843,744,1.0785560156967489,1.066830772135474,0.7447067717734919,1.0639154427174866,0.0550764529744961,0.07113144824658986,0.006134778665230581,0.06943821069681523,0.5745979226887514,N/A
257,5532,14.372836828151495,2550,1034,1.0728858704603514,1.0655186625273112,0.7443884367269906,1.062876479271635,0.05500424510740791,0.07001367677234402,0.0059756945364982435,0.06909069186185962,0.5734069032265008,N/A
258,1268,9.485699263932679,438,4702,1.066180541975979,1.0659043827447388,0.746646292502093,1.0805979979523916,0.05630480760427472,0.06652401329612127,0.006240842778027235,0.06857042343243543,0.5737090337482396,Zombie Outbreak
259,2346,14.10548451264578,1078,0,1.0689335194798424,1.067718554691557,0.7448056436327652,1.0776506529539254,0.05614796344363577,0.0655870032181964,0.0057401240311403265,0.06934197597813793,0.5754168226487772,N/A
260,2843,13.740743346230603,1261,764,1.0712091441543081,1.0648220772419592,0.7471205147430974,1.0819541360043776,0.056782034364974275,0.06510447111964876,0.0062740739854411495,0.0704738656313335,0.5742911697018827,N/A
261,4152,14.90300256904317,1941,632,1.0703899572949978,1.06774973485657,0.7444812317714623,1.080422705545551,0.05641024777997988,0.06489677165014374,0.0057016039969474035,0.07043592948091569,0.5764304521218858,N/A
262,5886,14.505096839959359,2805,1071,1.0697036839403213,1.0670997473391577,0.7446707502103884,1.0834002406080765,0.056931718977025064,0.06549030152784939,0.005706268066124431,0.06993196791750143,0.5765776210005592,N/A
263,8227,13.938948989101052,3955,1614,1.0678204151742985,1.0654953024079374,0.7449565565188561,1.0815411542217246,0.05717221304858928,0.0651480372749647,0.005780116378858991,0.07016172426328884,0.575399436592978,N/A
264,499,13.657381429525852,3263,10991,1.1067934360240848,1.0909351573407893,0.752348035263691,1.0534236231343341,0.05500850029104346,0.0593695948828997,0.006336313881371375,0.05809371124881591,0.5761787655203502,CRITICAL_OVERPOPULATION
265,614,13.809989142236795,272,157,1.103277827075463,1.0775233265064725,0.7528188425767424,1.0515783651642987,0.05691259700827982,0.05870262070057168,0.006411963756778066,0.062224083699445834,0.5724935554982429,N/A
266,873,15.004963726613363,381,122,1.0925657817530976,1.0775232350454778,0.7490187057133684,1.0525204813987057,0.05608912213375275,0.05868237004135034,0.006170776414991791,0.06349713496492032,0.5736589262040845,N/A
267,1136,14.517840375586989,510,247,1.0944861442324918,1.085792060341705,0.7471646900330253,1.0602261646786078,0.0558117588585823,0.05959551427129868,0.0062025586053288135,0.06497056036822799,0.5782757871154345,N/A
268,1523,14.993806084482522,674,287,1.094188787761231,1.0860303904300537,0.7453295391721808,1.0623849819469038,0.055770700270383645,0.05866226994003514,0.005652554931413533,0.06579906713289924,0.580075253467018,N/A
269,2106,15.06487812598938,971,388,1.0987743119305686,1.087171206573903,0.7446587942435791,1.0696448730749757,0.05535179960869306,0.05842439463255595,0.005479379970024507,0.06622430837947962,0.5829229738946342,N/A
270,2907,14.77449833734677,1364,563,1.0988018539928892,1.083784540948463,0.7444948473235037,1.0777451297549776,0.05660232473566446,0.057928400548532544,0.005408867045045732,0.06726934287271373,0.5839004413829297,N/A
271,4099,14.623696836626955,1960,768,1.0992793361974376,1.0838090129156344,0.7448023968375816,1.0786819529052298,0.05637890979477793,0.0580813846348832,0.005480375631218786,0.06752481988434104,0.5839169003515068,N/A
272,955,10.503176265270485,340,3484,1.1016450756701126,1.0985893748369264,0.7453419398035618,1.084760916124673,0.057791708237137175,0.05611667206278141,0.005881964112454366,0.06450796574771643,0.5876489149839043,Volcanic Winters
273,1757,15.02394232593452,803,1,1.0983551081030776,1.0992444154402714,0.7459446198084907,1.0834239893625845,0.05800627802139834,0.055907997597969786,0.0059203237460510065,0.06465137626028973,0.5864641825999153,N/A
274,2179,14.119183111519153,1000,578,1.0948161144184008,1.1035711812032076,0.7480124287326773,1.0809318669054127,0.05775669923074249,0.05437357646142926,0.006213592419093911,0.06417203933329493,0.5845391576506322,N/A
275,3088,15.114065198618448,1414,505,1.0927740326971,1.104655272737507,0.7458886554955142,1.0738827039260816,0.05791535257115284,0.054790916776015726,0.005679888046141164,0.06355091709061197,0.5847721792894977,N/A
276,4380,14.780372907153867,2094,802,1.0914441170463292,1.105636520154168,0.7447168287219267,1.0754970664933412,0.05757188596000868,0.05520803938432382,0.005463074342280545,0.06479692344528824,0.585918938577892,N/A
277,6130,14.203491027732591,2958,1208,1.0920494607837572,1.1088565032025302,0.7448254478851898,1.0747278717554283,0.056941295360756775,0.054960031226314175,0.005509229961435986,0.06649901800285798,0.5863805799586723,N/A
278,8639,13.975367519388945,4104,1595,1.091146499788636,1.1112609578947363,0.7449650222200039,1.0741226719966006,0.0563335655502297,0.054755901674655306,0.005581169499428556,0.06719057573144357,0.5864311355927158,N/A
279,463,14.253707703383876,2697,10873,1.128072051115484,1.1043486957432511,0.7543063367823513,1.1254749366230659,0.051332433985747584,0.0539491953142892,0.007420752965236104,0.06842006650187432,0.5935511908518221,CRITICAL_OVERPOPULATION
280,572,14.809557109557229,243,134,1.1305886867792254,1.1011550912337282,0.7543638202276104,1.1215923579926517,0.05038236818938758,0.05391802342678103,0.008366095230780675,0.06953182850399828,0.5927000643613087,N/A
281,765,15.388453159041548,318,125,1.1272529060063152,1.0922426518014987,0.7528147795121684,1.1295282212065587,0.047968677545779714,0.054427695977408735,0.007689156540293004,0.07013379602954817,0.5931558678456649,N/A
282,961,14.891259105098987,419,223,1.1224672090911954,1.0852697519058163,0.7506460848719101,1.1383060615817888,0.04692799519088395,0.055708511139554176,0.007352543644060337,0.06933121188725247,0.5943401007057838,N/A
283,1270,15.023622047244235,564,255,1.1174527145407678,1.0812824524636484,0.747654834051264,1.1442190275400297,0.04741701906659945,0.05458842888439663,0.006778821090661926,0.07023362129870689,0.5961671156782724,N/A
284,1681,15.314197898076678,793,382,1.1183130855624623,1.0769144221816682,0.7462891008055377,1.1414646837340696,0.047750783105043125,0.05415164994741661,0.0063297217109137835,0.07081556788456743,0.596139340259533,N/A
285,2359,14.972728557298423,1162,484,1.121720033637559,1.0765552530373985,0.7462740355815067,1.1503981040633375,0.04807762104269059,0.05441834424722163,0.005949944971892606,0.0705861432473058,0.5982920001817587,N/A
286,3300,14.666535353535483,1602,661,1.1161033688188287,1.0727174582034755,0.7465896969843375,1.1537469403409808,0.04976369756543368,0.05476166465844761,0.0057136572902276046,0.07105234121290914,0.5969486374045881,N/A
287,752,10.19246453900707,257,2805,1.1128493275579847,1.0674597487007949,0.7501751936132989,1.1393702957521958,0.05190641070577474,0.052572804585959365,0.006831020211632139,0.07160476003440622,0.5900273963154989,Volcanic Winters
288,1390,14.693621103117662,639,1,1.1073669725537048,1.0675824673640584,0.7489631662701294,1.1369833801053628,0.052490281412834724,0.053201554617614596,0.006583558337721705,0.07291673497468203,0.5896031508049904,N/A
289,1725,14.000637681159523,788,453,1.1037133487288353,1.062564334419665,0.74944752145494,1.1360258110078534,0.053509981498724504,0.05301520208523531,0.006527389559710021,0.07403397337593906,0.5875089581981541,N/A
290,2422,15.165538122763698,1088,391,1.1012292909306245,1.063467276908799,0.745755919736055,1.130152270658186,0.05463459118674066,0.053824215685932444,0.005839127721817458,0.07578173857754789,0.5890843999224756,N/A
291,3405,14.863945178658975,1604,621,1.102047327603004,1.0660086286314172,0.7447269446183903,1.1289094274700981,0.055531794683614494,0.053662152991326276,0.00564965324985054,0.07530754422443232,0.5902772656079892,N/A
292,4729,14.347733840840336,2260,936,1.1014446282220474,1.0659488348677981,0.7456612103003242,1.1295072119353289,0.05610126686372837,0.053450100057075206,0.00586999001551646,0.07445893469595996,0.5895261153426156,N/A
293,6650,14.202741854636722,3166,1245,1.1030478674262376,1.0660226991301605,0.7463094153440847,1.1260915234235307,0.05612959219210303,0.05376027375648496,0.00575750604579451,0.07467236388437046,0.5887034737838506,N/A
294,9273,14.268837844638687,4383,1760,1.1028822428749232,1.0636629443235375,0.7465243453117397,1.1280049431526875,0.05599034927060591,0.05397466071307645,0.005645434039228349,0.07521232018407578,0.5884246822922446,N/A
295,2120,9.496698113207524,729,7882,1.1030979719419105,1.062154358180404,0.748681647634342,1.1335070183541818,0.057361143788438894,0.054880171165026165,0.006025392985646474,0.07606858369953179,0.587478778445605,Tornado
296,3959,15.702458533299826,1840,1,1.103803247552764,1.0615645156086022,0.7477871566169217,1.1366337024297517,0.05720418645047523,0.05451730073279923,0.005845935574727148,0.0761566004052027,0.588759593131601,N/A
297,5291,14.036319536319647,2612,1280,1.1004102807328602,1.0609172400515705,0.748129982183717,1.1361330560097962,0.05694091615065257,0.05358594609324688,0.0061125719413522885,0.07630273156722321,0.5876805110201604,N/A
298,7350,14.0974829931974,3473,1414,1.0979208724892746,1.0627809972960083,0.747713933004521,1.13606264548477,0.056965120176968566,0.05328951987213139,0.006014040944070544,0.07640800776613522,0.5878833904695329,N/A
299,254,9.518503937007848,4110,11206,1.0736627211144678,1.0773270422915133,0.7459209457312732,1.1078160790527358,0.05838886483020744,0.056157355716896645,0.005434226005776388,0.07248316133037588,0.5825113883015944,CRITICAL_OVERPOPULATION
300,512,13.74667968750013,258,0,1.075128032531964,1.0763278563334568,0.7402675665928042,1.1225603070704515,0.059588207531131164,0.05444552014048194,0.004734278277955326,0.071428081542333,0.5896996065904543,N/A
301,666,13.166966966967053,324,170,1.0729647700989515,1.071452847434095,0.7384770435391794,1.129061966676962,0.05906812950481887,0.05499367799344134,0.004935650647062456,0.06862079756445456,0.5910325153366507,N/A
302,979,14.624923391215672,438,125,1.0701084301834922,1.0777276402455602,0.7395113517845633,1.13405119169792,0.05983721032924779,0.054529749117350756,0.0053124260745879845,0.06722956299006333,0.5917217730703273,N/A
303,1309,14.453603259485748,588,258,1.0732780578786385,1.0786827469402829,0.7408000049281606,1.1414206728558076,0.05893784364623855,0.05510590976909066,0.005487558423421442,0.06761455305815446,0.5927612411385097,N/A
304,1763,15.008867460767767,785,331,1.0777070006026213,1.0803103364422764,0.7406333627071383,1.1438571176185837,0.059795037594947135,0.0554832630572696,0.00509671280419533,0.06764624566480087,0.5944235696853803,N/A
305,2460,15.170406504065182,1136,439,1.0749907652352906,1.0780949344521815,0.740958113808941,1.146176309758731,0.06055568706534053,0.05559173579635314,0.005074500643608586,0.06700778044581933,0.5936929403447009,N/A
306,3458,14.786466165413668,1645,647,1.0738198572622673,1.0737208552388204,0.7413941256810166,1.1499562792207487,0.06086388053634303,0.05600550996961563,0.005073550020353977,0.06704287762881873,0.5930263679376347,N/A
307,788,10.13392554991537,269,2939,1.0772359250112595,1.0691573000329782,0.7450450845782444,1.1461582304065743,0.06256755688958485,0.054484084247134926,0.006305019933612667,0.06875175257366423,0.5892352957073574,Storm
308,1460,14.589429223744446,672,0,1.0745144558821123,1.0676475967785044,0.7430397832136666,1.15175720134073,0.06212882114602836,0.054660026302454374,0.00563823729168694,0.06849507519821912,0.5910709544613362,N/A
309,1874,13.913891853433048,889,475,1.0739742403920796,1.0648058871293111,0.7432539837379029,1.1539957116707869,0.06304325636648213,0.05607585873615359,0.005482737225872653,0.06915786461358629,0.5906954932834596,N/A
310,2654,14.693996483295793,1211,431,1.0717926424371023,1.0682578148008555,0.7412607275703924,1.1600676336127174,0.06349105037887455,0.05618486624199652,0.005192431016646825,0.06795349803298925,0.5936045565087238,N/A
311,3714,14.388646562556229,1739,679,1.0648709570334567,1.0689823361112698,0.7413687567392098,1.160725652988611,0.06419921192535595,0.05612045169960337,0.005007187191645595,0.06647899999852117,0.5925218574759851,N/A
312,5146,13.973202487368958,2424,992,1.0617760144929451,1.068510957667381,0.7422407624063512,1.1604482079859675,0.06388027409906491,0.0555531041236881,0.005025063926696873,0.06570559448956964,0.591135266222369,N/A
313,7195,13.976395645124057,3351,1302,1.0605899387981952,1.0673329667865552,0.7438315249438907,1.1594804676693387,0.06379019156766262,0.05565502018972057,0.005238835072394687,0.065933345816826,0.5892738275650197,N/A
314,511,13.288845401174301,4953,11637,1.0778178060646906,1.0786215284990641,0.7458870638028502,1.198382826899347,0.06380694609908685,0.05217803219216969,0.005867272604340479,0.06400144979959779,0.5997015409381663,CRITICAL_OVERPOPULATION
315,608,13.731907894736938,254,157,1.094497914944804,1.0899055140435217,0.7455062810060233,1.1909031511127237,0.0626140395163673,0.05175787100286567,0.006016817808939638,0.06658441545716996,0.6036714764354486,N/A
316,861,15.043244289585902,372,119,1.0974903624398156,1.0827308040890964,0.7479714861399854,1.1806966069369365,0.06141770040845913,0.05061500495473717,0.006106690063235614,0.06926193287984009,0.5991169156835732,N/A
317,1122,14.854367201426163,502,241,1.1015772532598123,1.0818780548027715,0.7483611786268978,1.1778699469119158,0.06208908698471272,0.049601392898084976,0.006349161511905747,0.07087655329438486,0.5988775386312619,N/A
318,1502,15.349511762095128,668,288,1.1027901249149241,1.0822624591985726,0.7493773508798839,1.1749640265627677,0.06206771267387229,0.049188089613985124,0.006707998895597251,0.07119233837437089,0.5978326062708087,N/A
319,2063,15.404491840362075,960,399,1.1034068419952274,1.0852842604648725,0.7489091178906526,1.170512408662762,0.06185908214613989,0.0487043920555544,0.006534986866881212,0.07194587394989904,0.5980616216084643,N/A
320,2875,14.879802898550862,1384,572,1.1018566880225902,1.0932346582983195,0.7483467384287934,1.162685015499695,0.061723350350529144,0.04821208084689358,0.0062825729091995994,0.07308811959820206,0.5982567864856323,N/A
321,4044,14.517622815694164,1952,783,1.1012648152279247,1.09277381631501,0.7480623156501152,1.158829915809781,0.062044652628060235,0.047714745137939975,0.006064237659565962,0.07195104894242196,0.5976094909399544,N/A
322,926,9.703563714902781,319,3437,1.1066468824393874,1.0877386098061688,0.7481305554627304,1.1608973644263225,0.06390552478526204,0.05144945022550222,0.005961140513670168,0.07345332531314819,0.597985263788009,Fire Nation
323,1719,14.153306185767065,793,0,1.1042734139270074,1.088096141929662,0.7468393271327323,1.1581279921984464,0.06472343723679444,0.052445038060907063,0.005726396036988813,0.07378314539426736,0.5981648129356649,N/A
324,2131,13.538370092288535,971,559,1.1123892697580557,1.085591065059733,0.7484820530864246,1.15925496719589,0.06303520011150796,0.052909598133037604,0.005880234429589227,0.0730715937633975,0.5980522468855208,N/A
325,3044,14.968166885676885,1359,446,1.1157939273233344,1.0860635175474955,0.7444281926082345,1.1541696436883384,0.0619946951799088,0.05344342503956638,0.004877425215447622,0.07351281890598693,0.601092600895145,N/A
326,4285,14.46511863088306,2037,796,1.1155611918144603,1.0889505796429662,0.7435900066972828,1.1556095656473542,0.06149620756009635,0.05330047816824226,0.004675434069140867,0.07308387222532475,0.6025043024321141,N/A
327,5976,13.841080990629306,2868,1177,1.1165585328003074,1.0901663562146424,0.743807593865125,1.1522503584840003,0.0606273765723034,0.05342871723095769,0.004830908839996703,0.07268301047464805,0.6021226053984126,N/A
328,8502,13.652626832902184,4035,1509,1.1132709262413125,1.0900377463055817,0.7454324865005648,1.150012356716357,0.060642653156455326,0.05316957767757736,0.005283618308379176,0.07280980850617323,0.5997987459164684,N/A
329,441,14.47656840513999,2905,10966,1.126856798211796,1.1468157258767746,0.7496264257660946,1.1345588327567,0.05254128617222603,0.04870095594466513,0.00583040366775702,0.06579378270717488,0.606209749229365,CRITICAL_OVERPOPULATION
330,490,16.437346938775658,167,118,1.1322768133818253,1.1483364227044317,0.7504208389201301,1.138217237360927,0.052599227669923525,0.04756136123493547,0.006004280051188547,0.06774241514400482,0.6074512320077086,N/A
331,641,16.69578783151343,254,103,1.1490776876797948,1.1500734872746663,0.7466279319480218,1.1405244006962452,0.05123799787668736,0.045531678516325697,0.005075197026203145,0.06758623205186835,0.6142596472250503,N/A
332,762,14.71430446194238,334,213,1.1521604849086398,1.1499516923435087,0.7495376804797377,1.1407669432515093,0.051432971563694176,0.04511533649582439,0.0059784210958071385,0.06783994807371516,0.6124449261932698,N/A
333,1020,15.209346405228905,445,187,1.1574053120138152,1.1475721651805522,0.7482672896905166,1.1296223645236931,0.050761193091251954,0.0455845480075597,0.00626620685223269,0.06767804883178008,0.6120094408400706,N/A
334,1372,15.112026239067196,628,276,1.1552305334191018,1.1538698805351637,0.7449574635595367,1.1271362943951657,0.051978811992260045,0.04555456398536169,0.005743257679943984,0.06786984967149662,0.6150215507035784,N/A
335,1891,14.913273400317431,885,366,1.1539582135867408,1.1536178133475212,0.7434544872048048,1.121330713616819,0.05231266041202468,0.04597920832373439,0.005715207439802116,0.06804954614822248,0.6149503073492998,N/A
336,2625,14.495619047619181,1246,512,1.1551160688148396,1.1510520747788346,0.7438546185227458,1.117471992290425,0.05202031294773676,0.04555394914258574,0.0056105470775333005,0.06873256011449355,0.6136754952974117,N/A
337,625,10.415573333333313,231,2231,1.1349631893344774,1.1442125397591314,0.7489503132908202,1.1033746863255156,0.056700281508636215,0.04708808377007556,0.006647085746860903,0.06797453441275432,0.602185103674235,Volcanic Eruption
338,1149,14.92639976791429,525,1,1.1365615878885769,1.1469224152764446,0.7477588615199905,1.1044398013073609,0.056442533211142384,0.04770845486529939,0.006382680003717085,0.06948057633959127,0.6041027357555089,N/A
339,1425,14.567345029239885,648,372,1.137723643742856,1.1430708488182184,0.748309881606637,1.1093894994356703,0.0563780727275146,0.04902236523524099,0.006730051622472882,0.07068232488533092,0.6040606216447744,N/A
340,1920,15.019513888889021,901,406,1.137924870841761,1.143279208409526,0.746418079249514,1.1150927929639174,0.056342453882738945,0.04872048712441242,0.006580890617856647,0.07214901716531813,0.6066835672272768,N/A
341,2726,14.93444607483506,1323,517,1.1365241855771369,1.1418955067074148,0.7456613526289567,1.111567589373049,0.05557964406055922,0.04922241920843558,0.00661452121082961,0.071785059166493,0.6061710220429368,N/A
342,3799,14.519355970869658,1843,770,1.1340617433107816,1.1417596569321737,0.7438793929047925,1.113084781306526,0.055409393110625885,0.04966012349568443,0.0061724592567253345,0.07308176645793592,0.6074293250354399,N/A
343,5354,14.53343917320397,2548,993,1.1330732661730705,1.142645441991128,0.7434573177322615,1.1127168728258587,0.0554603081814758,0.04891881292038071,0.00608882249580116,0.07402001788270175,0.6076897758929266,N/A
344,7476,14.455056179775413,3535,1413,1.1307225646317294,1.1432992353905744,0.7445891901238815,1.1123827342075117,0.05536633966864279,0.04876880398380863,0.0062591559670752755,0.07502141301841837,0.6064023095592529,N/A
345,1709,9.885742149405084,587,6354,1.1362757046448022,1.1415696444219665,0.7478185917263729,1.1132572136684251,0.05257789645763995,0.048305111356923634,0.006796442686662441,0.07861310064415629,0.6046212455361545,Fire Nation
346,3179,14.40954178462844,1470,0,1.1377663367312165,1.1415092761385777,0.74634610764976,1.113505110180894,0.05209387103454597,0.0490365423205175,0.006375780207115269,0.0784292777802044,0.6061139174396424,N/A
347,3914,13.766692215976931,1793,1058,1.1375733956664627,1.1357596716677056,0.7471428840859305,1.1136952382426009,0.051927078268316496,0.05051861368290452,0.006367707563883102,0.07835683184701063,0.6044409760114406,N/A
348,5579,15.09018342594266,2552,887,1.1375703465276534,1.135229697791622,0.7448728395439974,1.112730957380343,0.05185959814944185,0.050559816092587466,0.006065813083613732,0.07696897108621986,0.6060150264524259,N/A
349,7981,14.734740842835201,3850,1448,1.1376538221015025,1.132354987767749,0.7446343034005156,1.1132456483346134,0.05249161225267645,0.0512744730345045,0.005874770695072624,0.0762490055134717,0.6058015221258871,N/A
350,493,13.763894523326703,3599,11087,1.1455172857205609,1.148349932518984,0.756340389822384,1.1460624082978497,0.04915889486860557,0.04367114874509813,0.008897706856914555,0.0652199707805915,0.6064164888060898,CRITICAL_OVERPOPULATION
351,619,13.062250942380267,299,173,1.1483513292500274,1.14024858183723,0.7505396213979698,1.1505595153746475,0.04750029747279606,0.0444779068312114,0.007637118732540822,0.06336896679038505,0.6109665327738566,N/A
352,905,14.554217311234032,404,118,1.1487895429189858,1.146393963167495,0.7452268435222295,1.1546442228819551,0.04944678424228644,0.04424570811950321,0.006421645662669549,0.06284775146443074,0.6172308935559754,N/A
353,1192,14.616806487695888,531,244,1.1465280439926724,1.1478022179148748,0.7444144685733625,1.1629563832243708,0.04895455568140298,0.04450943993026069,0.006292527932267297,0.061778435540607725,0.6192404529262945,N/A
354,1606,15.033976753839905,716,302,1.1452281626364214,1.149172997365479,0.7435635009171985,1.1727100547970641,0.05018125404929821,0.04395457028299324,0.006278057346124726,0.06046690526435661,0.6217108488196319,N/A
355,2192,15.091818734793328,1021,435,1.13943782194098,1.1480219144396309,0.7424799500127324,1.1805008824212295,0.049924163622907934,0.04412062350717591,0.0058530660128198455,0.05967392168200804,0.6227706878356101,N/A
356,3049,15.005061768886112,1442,585,1.1355993870643097,1.143982220521366,0.7411365266154606,1.1781554166843369,0.050612590450323944,0.04480650371834371,0.0054648323903219,0.060382896715608446,0.6220602907555903,N/A
357,4270,14.743692427790922,2068,847,1.1307171067598714,1.1420244495074872,0.7425660493541667,1.1771466866153681,0.05104578347418473,0.045160118125995866,0.005611109823691112,0.060204877214332195,0.6194534472066072,N/A
358,1009,10.473571192599914,368,3629,1.1107950158883286,1.1502281473413132,0.7523917793822126,1.1746011490976638,0.05498098745231032,0.04342537594574831,0.007278321571607045,0.06360111539125235,0.6088360534983145,Storm
359,1863,15.308140991232948,855,1,1.115142832487043,1.1451100864482975,0.7499126641451119,1.1704388242809207,0.054009071624122745,0.04448353859605484,0.006584205436850353,0.062010742088929656,0.6099717842258682,N/A
360,2368,14.252576013513632,1108,603,1.118247808938062,1.140200671895248,0.7489431713171576,1.1676051006846164,0.053241430766572756,0.04599645186022338,0.006328579251660011,0.06026443380512844,0.6099356555972182,N/A
361,3223,14.580742579377521,1493,638,1.118242519543473,1.1394825981052523,0.7476565819389999,1.1669212751380014,0.053138117551271825,0.04597825405070396,0.005802114772246374,0.06013261713918824,0.6107342997690417,N/A
362,4549,14.501326298820386,2169,843,1.1203522445182776,1.1410569915910969,0.7479304967862191,1.1655883925301884,0.05244517368389277,0.04543472954913573,0.005608443307821859,0.06052223014920913,0.6109297844055512,N/A
363,6296,14.277006565014952,2988,1241,1.1180231223692434,1.145723172317207,0.7475838800659931,1.1654329792185438,0.05252320067323327,0.04464595627330908,0.0055601395258853235,0.061384866654307195,0.6116021430892424,N/A
364,8812,14.34474580118034,4144,1628,1.1149037771823527,1.1462051905352575,0.7475209943412026,1.1649074399499726,0.05287601098179719,0.04432226633906617,0.005743208014246668,0.061365572164445555,0.6110894425,N/A
365,512,13.41419270833346,2222,10522,1.0751483387285594,1.1261604430690855,0.7552710234853095,1.1941624524856351,0.05340791687877763,0.05164851197397067,0.007081628563512467,0.06179916058959124,0.5994265420315614,CRITICAL_OVERPOPULATION
366,643,12.814722654225069,307,176,1.0795251917956994,1.1101276238366058,0.7577944238058052,1.2002355127714002,0.05242452855186161,0.05598336236926567,0.007463791356561328,0.0636708697601589,0.5964481873380143,N/A
367,931,14.69659863945593,406,118,1.0796011838249175,1.1105463208986404,0.7530909536092293,1.1962260945641554,0.05333976112723764,0.0564225962156021,0.006461977889145416,0.06438048835682338,0.5995510605207925,N/A
368,1212,14.699394939494086,533,252,1.0760623086684489,1.1153176108522977,0.7515903565497505,1.194916245096369,0.053756412292218524,0.05667163435869619,0.006109399575438635,0.06365969995115939,0.6007343646011711,N/A
369,1629,15.13863310824651,721,304,1.0738101851520663,1.113237090169907,0.7478674618669141,1.1967366395212207,0.05345535954056998,0.05746527508314366,0.005540360898979929,0.06378114573641125,0.6032769329467722,N/A
370,2231,15.284162557896453,1015,413,1.06484541462769,1.1112281176884304,0.7468578733796918,1.1888245491167477,0.0529711593941538,0.05827701929727739,0.0054798294003280115,0.06502179838889485,0.6007208245581335,N/A
371,3109,14.879575426182189,1472,594,1.0633825042254488,1.10691194396061,0.7458595597316783,1.1887143625045216,0.05311461778782505,0.05845030655471734,0.005446373961708624,0.06604042033179856,0.6004720802754482,N/A
372,4351,14.318225695242601,2086,844,1.0614670989393094,1.1027191882538536,0.7469971288248042,1.186676853507351,0.05266824368113889,0.05909778177753875,0.0056831844445222966,0.06609257372233512,0.5981037073011122,N/A
373,993,10.221920107418573,340,3698,1.0581579084056698,1.1015364585661755,0.7507397979568976,1.190819316827426,0.053742686855001054,0.05969889428438447,0.006089363654527,0.06406441651235978,0.5950599116440491,Giant Ant Colony
374,1835,14.759146230699521,843,1,1.06287629740649,1.1067802629906427,0.7495827243025913,1.1934164554873719,0.05427924443840608,0.05938102417435061,0.005834404059773082,0.06382422553145056,0.5982124733043519,N/A
375,2288,13.886713286713388,1057,604,1.0622620728040435,1.107072404172856,0.7524778392829883,1.1936896343105827,0.05525739502159115,0.05921668153637437,0.006277520978263562,0.06370037142985324,0.5959022198787938,N/A
376,3241,15.03772498200158,1471,518,1.062008689360904,1.10746636707168,0.7480837389194313,1.1917998439751871,0.05659215449672432,0.058899452320213624,0.00560701538091141,0.06391775964200619,0.5990906678019694,N/A
377,4566,14.65788436268082,2162,837,1.063188065214883,1.1051009203109674,0.7481538791617763,1.1863393592685998,0.05679327382728075,0.05914605844672933,0.005470034010899471,0.06542057467852785,0.5978499768083255,N/A
378,6369,14.086758779505022,3050,1247,1.0657845201875389,1.1039858622119605,0.7490452885096689,1.1838577188271084,0.056829133176122204,0.05930289324087408,0.0056472539225827165,0.06603436541243558,0.5969604513320547,N/A
379,8906,13.844546747511167,4192,1655,1.0659786860518727,1.103903484880206,0.7493498478220102,1.1847608455009724,0.057428736362533504,0.059544710211150695,0.005714310971574394,0.06541808758500493,0.596898413770878,N/A
380,640,12.824062500000082,2547,10813,1.0731962677140012,1.08971605501107,0.7483968954753311,1.1910490127383555,0.05817433158883748,0.05530151774269102,0.004645920905962072,0.06520315627073527,0.5975370120214476,CRITICAL_OVERPOPULATION
381,937,14.80537175382441,409,112,1.0676713146152434,1.0978775999908468,0.7462678646626448,1.1899882691569712,0.05748040190106844,0.05483546630154424,0.004423318890887594,0.06713358781253592,0.5995232798042659,N/A
382,1224,14.573474945533903,546,259,1.0680048459479832,1.1028544227503605,0.7474227467399558,1.1893167186727882,0.05779269984244559,0.055557946683083566,0.004579181302673834,0.0682520363720953,0.5994244447830465,N/A
383,1641,15.070769855779135,735,318,1.061607159703657,1.103681052710383,0.7472026809449339,1.1893627139238938,0.058666437350823705,0.05552812992158353,0.005071161998691695,0.06720885704444055,0.5986150767188623,N/A
384,2262,15.247480106100936,1046,425,1.0643800349786166,1.099318207403611,0.7490103630036684,1.1892931565826472,0.058332816690082896,0.05478970430643205,0.005268102833946826,0.06588770844210796,0.5968749458541119,N/A
385,3169,14.841800778373965,1521,614,1.0613979015917214,1.1001993924253834,0.7506621321347068,1.189939832048722,0.058465619581482026,0.05523730090732012,0.005576522419256973,0.06462077316853572,0.5953032631844356,N/A
386,4462,14.260316748842198,2166,873,1.0627494063377336,1.1016039784975717,0.7510644880311551,1.1908286365307408,0.05849891248895733,0.05534455258635054,0.005757772101288203,0.06486661630441443,0.5956314137838044,N/A
387,6307,14.010210876803676,3013,1168,1.059455627656678,1.099842391089323,0.7495064429723358,1.1898176655310955,0.058967085859473946,0.0548517067427162,0.005544411936191618,0.06584602180141187,0.595790419269411,N/A
388,1448,9.111970534069957,501,5360,1.0482724122279976,1.0910124998030357,0.7465321795799715,1.189981373066349,0.059281036767542615,0.05518145518925374,0.005205019295884788,0.06965037987352113,0.5946189373860274,Banana Peel Pandemic
389,2706,13.541722099039307,1258,0,1.0448373708118683,1.093049792956862,0.7458748498015189,1.1894513550717432,0.05943631397977946,0.05562791661739769,0.005076115296135017,0.0685047294211207,0.5947983578792778,N/A
390,3315,13.181870286576254,1483,874,1.046847460592217,1.088349990139153,0.7475418405322581,1.1869667355974933,0.05926209873562626,0.0565296915280403,0.005561207034569113,0.06890645441890494,0.5925490732779042,N/A
391,4807,14.850260037445533,2156,664,1.0460196916768578,1.090429741242656,0.7456204036478088,1.1843141912343746,0.05991706706212568,0.056806633601915804,0.0052960762421546455,0.06926102944225593,0.5938255995334305,N/A
392,6575,15.033556400507113,3004,1236,1.0428593967517723,1.0876604978967659,0.745555721851816,1.1845776804663304,0.059630065998786334,0.05765748312149516,0.0052403210270921775,0.06919246859013746,0.5928638156212405,N/A
393,8851,14.9481037924153,4175,1899,1.0418970170899498,1.0862001675443727,0.7462513040878638,1.1829792767424545,0.05924955880325174,0.05829560485921821,0.00535683660848346,0.06880205019198221,0.591592750456251,N/A
394,532,16.256328320802147,2041,10360,1.0663704713159814,1.117257125531429,0.7470774865774824,1.1661856027128639,0.06063208624127189,0.05728167297358478,0.0046086496518011905,0.077741057568357,0.5978519871981806,CRITICAL_OVERPOPULATION
395,706,16.401699716714052,290,116,1.0717174641572236,1.1156566949727842,0.7443931995853676,1.1714399020366684,0.06001667877037742,0.05579369754915922,0.004278537045018572,0.07705358682518706,0.6016200511660701,N/A
396,869,14.731300345224533,386,223,1.068472479086027,1.1228129359200676,0.7439139890657824,1.170701765548482,0.06096943183314297,0.053976831229129496,0.0044891938966284285,0.07567235097618927,0.6025763246772847,N/A
397,1178,15.094142614601159,525,216,1.0603203660104428,1.1261294074779453,0.7443455869099442,1.1718442690239235,0.061272619955395596,0.052815904657404544,0.004893255518393091,0.07599031718550196,0.6015653842464657,N/A
398,1621,14.885091507300158,762,319,1.0566340683192512,1.1325474129406392,0.7425828121481195,1.1797517588164181,0.06194115137548724,0.05184306310514787,0.004891997000162529,0.07323388189572495,0.6049037108432872,N/A
399,2255,14.664124168514544,1065,431,1.0578443350920395,1.1405712688260794,0.7442814592631659,1.184446188431197,0.0607054659728988,0.05171952369670506,0.005355787482069098,0.07330071384446475,0.6060183729773999,N/A
400,3161,14.6891279131078,1520,614,1.0551420719389129,1.1421518275512046,0.7452338904828724,1.190100133065883,0.060011423568261314,0.05123797897570732,0.005681072451663655,0.07237165097014556,0.6060547479684348,N/A
401,4443,14.38683322079689,2133,851,1.052746783156916,1.1466893990629747,0.7454367835785581,1.1900308643345072,0.05979301203158761,0.05028682654323139,0.005803786435599758,0.07179652290425895,0.6062605837225361,N/A
402,1055,10.933238546603452,388,3776,1.043359416179605,1.1506852267051924,0.7445625524112596,1.1990709603053464,0.06175732988617154,0.05013326532234368,0.004944345570542333,0.06800270481702231,0.60762579623907,Pigeon Coup
403,1941,15.443190795122957,886,0,1.0415279889925895,1.1535775823470267,0.74387356490673,1.1923830278295233,0.06225012909610773,0.050478058283907154,0.0048250803279419035,0.06916788175054178,0.6071799938374164,N/A
404,2578,13.7598913886735,1264,627,1.0397218529431007,1.1555626363081983,0.7452020901554363,1.1919655954695307,0.06291591397797615,0.050396352918302724,0.005179929525570831,0.07043970221575323,0.6060548549122308,N/A
405,3546,13.954136115811362,1661,693,1.0431673354743942,1.1576665751548796,0.7448013306685958,1.1893498543789194,0.06339840446439686,0.05034009583647071,0.0052012802260288935,0.0706194170876603,0.6069061417966555,N/A
406,5037,13.925239891469914,2404,913,1.0430447998791899,1.1591438353946644,0.7450605663560131,1.1900579956403932,0.06316170956989417,0.05079514156280524,0.005110628946544826,0.07056723492624008,0.6070641384239406,N/A
407,7053,13.92967531546872,3329,1313,1.0420073017015685,1.1582815770892805,0.7459213999622117,1.1905869441979702,0.0628896993692836,0.051096859000796364,0.005210948358445277,0.06947828233631129,0.6061185218997784,N/A
408,9976,14.009078454958694,4708,1785,1.0385285200014924,1.1569010905066401,0.7464665951513324,1.1887804084849882,0.06256926514637379,0.051544713446942995,0.0053511099413596636,0.06949090780696705,0.6044851912508395,N/A
409,283,8.571378091872768,147,9840,1.0583694511910002,1.2006408133889053,0.7505197589672185,1.200220788192215,0.06796352564032986,0.04288652024873142,0.005107543213540237,0.059276784297119633,0.6145485199096918,CRITICAL_OVERPOPULATION
410,508,13.500918635170736,225,0,1.0584255188758775,1.1945551301137365,0.7499706541856056,1.2054226605562384,0.07016955653649906,0.046687354552677786,0.005600294306801377,0.05784581218164327,0.6148513127803805,N/A
411,610,13.422841530054736,270,168,1.054091864086229,1.1895771416088903,0.7494398403628579,1.2074282552660154,0.06941785821461688,0.04910265407613269,0.006174250148300458,0.05700092239153827,0.6139869762444101,N/A
412,876,14.702283105022977,388,122,1.0427272483421186,1.1944434463257065,0.7455684204391234,1.203296076821587,0.06960120593631391,0.0486075155660784,0.005355022426779223,0.05844777611802556,0.6152740517028252,N/A
413,1137,14.492172383465396,504,243,1.038346300285573,1.1947214513165698,0.7427251981585234,1.1995627322879152,0.07084364017704109,0.04781197002962544,0.005234284433197358,0.058745778954410764,0.6162226159196348,N/A
414,1535,15.207426710097861,694,296,1.0339479374533924,1.1929148734803987,0.7407291056260988,1.1983910564378493,0.07081107056064338,0.04760137689671683,0.004882896334481722,0.06013954306513863,0.6165553806118195,N/A
415,2118,15.35626377085315,975,392,1.0302302686538622,1.1910145654068858,0.7402290545583639,1.1994290503136225,0.07173865381893359,0.04714616402048043,0.004792363392244641,0.05969615701794894,0.6161469189047555,N/A
416,2952,14.917999096657772,1415,581,1.0298566082004932,1.1933456766959716,0.7400868010445751,1.1972225014718505,0.07118061694855891,0.046414820425354275,0.004872389445824178,0.059047709044370116,0.6162204724347919,N/A
417,670,10.443532338308433,227,2509,1.0206631779409783,1.1930831109034734,0.7433729333598396,1.1840925551872512,0.07125734316820458,0.04888649895727658,0.005637047408650573,0.06009269538670279,0.6094453522225898,Meteor
418,1233,14.930765071641146,564,1,1.0225296315064727,1.1937984698040645,0.7424586788622052,1.186413927848273,0.07093806393020236,0.04698573075066374,0.005607944354102886,0.06053090878956016,0.6110763469240525,N/A
419,1551,14.000967117988502,735,417,1.0252850365898016,1.1949542951312913,0.7431085779373059,1.1869928958064888,0.06912246017407893,0.0460062898209111,0.005566625115448755,0.06063691594803751,0.6113475793780149,N/A
420,2179,14.813584212941855,1000,372,1.026536319466011,1.1938878380750515,0.7418893759441968,1.1859122408375493,0.06926550321935475,0.04624337933553398,0.005498749137912565,0.06050162259051717,0.6121912527355612,N/A
421,3062,14.56102765077305,1445,562,1.0226135114624553,1.1924864896256029,0.7422894546010778,1.1849912465378774,0.0677859011912563,0.046269243427429246,0.005497949934931666,0.06070730033288343,0.6107395125626507,N/A
422,4214,14.216128777092361,1986,834,1.0271141630090843,1.1877458433520456,0.742680797506801,1.1885300625048374,0.06788335172382969,0.04691532780293118,0.005357724698428094,0.06087630658672091,0.6110099305634825,N/A
423,5897,14.060522299474439,2778,1095,1.0270043879129713,1.1845752743193483,0.7429087380696628,1.1907779418371545,0.06739654295024754,0.04725398745858193,0.005195340290230091,0.06053507204647709,0.6106371581001081,N/A
424,8213,13.958034011120706,3843,1527,1.0267098986822962,1.1816948526203375,0.7434566455749906,1.192937240312753,0.06677098277036528,0.0481546633316704,0.005308170828805048,0.060380528884229887,0.6100049925547052,N/A
425,1906,11.066421825813197,674,6981,1.0084920044033752,1.1841132113902777,0.7428423255017411,1.1917124944359567,0.06613273727155727,0.050330670468041544,0.00533759166466637,0.058560146296349376,0.6074537568375138,Avengers Woop-sie
426,3538,15.532532504239851,1634,2,1.0085622464451889,1.1849473252114442,0.7426402860301404,1.191389199841104,0.06629315786027731,0.0497367588315629,0.00514936567495746,0.058800903378896964,0.607723341555135,N/A
427,4608,14.19481336805567,2241,1171,1.0111002678314034,1.182105913741952,0.7439929016995414,1.1885729664475309,0.06528188202916793,0.04940205851662215,0.005445543734271529,0.05965147302785355,0.6060593930032958,N/A
428,6405,14.46564663023692,3076,1279,1.0103765011718795,1.1829651061717525,0.7435182384094265,1.185960785122099,0.06475540773693765,0.048674860313918974,0.0052699514171149885,0.06002729864543374,0.6060021517328951,N/A
429,9244,14.341666666666796,4506,1667,1.0110802765940643,1.18082176025126,0.7420343088292307,1.1827984988079716,0.06349090668029007,0.0483224871786744,0.00495927854489675,0.06013534425845142,0.6063871522738333,N/A
430,537,13.076225946617132,1177,9884,1.0105691827216097,1.1900177608042577,0.7465376559392238,1.183630402133091,0.058254725058283524,0.05126689172325187,0.00506223017690452,0.06280857003879567,0.6044289605907427,CRITICAL_OVERPOPULATION
431,659,12.688062721294973,301,179,1.0123610118534938,1.1841197562336947,0.7495768908249935,1.183215441094162,0.05767273658495161,0.051195227383770886,0.005534599316095997,0.06593185827189568,0.6011740312967965,N/A
432,952,14.476505602241037,418,125,1.021933423816483,1.1771973700000822,0.749976616452919,1.17842929098115,0.05662003200306325,0.05363305777143429,0.005790077539530705,0.06804752532495296,0.6004738477975817,N/A
433,1265,15.114729907773528,580,267,1.0284048802214076,1.1782795443354819,0.7492648613913473,1.1734771804084714,0.05728904603905361,0.05298428239675555,0.005580530604933092,0.06949913715932378,0.6015072068887309,N/A
434,1655,14.926666666666799,766,376,1.0326376344064896,1.1792475156241942,0.748376985719428,1.167863229023238,0.05851324828401049,0.05137370613318389,0.005545188472868065,0.0701778498382581,0.602147214313369,N/A
435,2242,14.952646446625169,1067,480,1.0273069340682996,1.1820654241487578,0.7463797987923211,1.1635194571986383,0.05961994956785106,0.04974091721228841,0.005166949800862903,0.06973272964694345,0.6025336021282461,N/A
436,3125,14.757760000000127,1535,652,1.022025880642581,1.181476606342718,0.7469937069014271,1.159644532200488,0.05989359800632598,0.04953063156118199,0.005382305029073763,0.0687402682134914,0.6002990365450002,N/A
437,4467,14.532408029251677,2211,869,1.0185345691003471,1.18027131862758,0.7469990782763835,1.1570127781707036,0.05999194593806578,0.04896951986986265,0.005707536492689844,0.06830701110445077,0.5989866678536037,N/A
438,1045,10.883125996810186,374,3796,1.023275466012559,1.1736294894638737,0.7490141665815523,1.1568804524365084,0.05950908847813818,0.049964170965640646,0.006700776888507199,0.06595353719494611,0.5970132577900149,Volcanic Winters
439,1915,15.49751087902541,870,0,1.0234489655777086,1.17134733368165,0.7473946307040583,1.1489227415870533,0.06056896981994172,0.050278568092494896,0.00629853073688491,0.06540686134156139,0.5965111162575649,N/A
440,2374,14.283670317326708,1101,642,1.0252021801166167,1.1645946868338324,0.7457043927928435,1.1429084518760906,0.06066204610640604,0.05018017654822515,0.005947771011184076,0.06453386602511187,0.5958939138237251,N/A
441,3287,14.414643545279509,1581,668,1.027418041494553,1.161970050999991,0.7441588223246751,1.1426402478764277,0.06133948280324206,0.05070575943772708,0.005465657233366733,0.0644421817295495,0.5970102511113706,N/A
442,4654,14.43396361552799,2232,865,1.0270689823759227,1.1674287567011263,0.7437862621125733,1.142097087244575,0.060978708559983545,0.050023284884608554,0.005367840199954332,0.06557218123360173,0.5981278935061634,N/A
443,6517,14.2219221523197,3142,1279,1.0261105947467708,1.1685700757150264,0.7449186183224212,1.1435329384447739,0.06069307213275308,0.049422885245045414,0.00560324784584867,0.06645287216800642,0.5975084215999017,N/A
444,9223,14.285926488127638,4380,1674,1.0232014649559444,1.168632240610814,0.7449210410198687,1.1426376585939624,0.05967842980889016,0.04937468940537494,0.005746045583860093,0.06683674796102074,0.5968366543646038,N/A
445,464,14.282183908046122,1630,10389,1.0196365038142843,1.1494713995765637,0.7495837712201797,1.1367887875336613,0.05356526269360525,0.04104938495554795,0.005269262726802723,0.08374843229755209,0.588041313566708,CRITICAL_OVERPOPULATION
446,561,14.4772430184196,242,145,1.018539037750061,1.1569989398201497,0.752920007307388,1.143540985791887,0.05023341237925683,0.04138264394369068,0.005921957297657375,0.08480257580926019,0.5877700917581535,N/A
447,775,15.562709677419512,324,110,1.0205941645812013,1.151793265466133,0.749738685892269,1.1414895665429838,0.050010073297264646,0.0413968191000746,0.005247741643573589,0.0846809968231712,0.5893390250847114,N/A
448,990,15.031986531986677,438,223,1.0209645074574454,1.1611389513163037,0.7504590861135625,1.1516673450647805,0.05022577720355877,0.03984835364924065,0.005176112997657875,0.08607792937375959,0.5923078047427004,N/A
449,1301,15.2430438124521,586,275,1.0206491949503884,1.155036888558944,0.7485173544248226,1.145888040124092,0.05064166043605197,0.04155414207440547,0.005157399535433744,0.08354848176743755,0.5916717190319604,N/A
450,1773,15.274111675127044,828,356,1.0252423989547073,1.1625945019752508,0.7497058663738908,1.1497394192987112,0.0496932218214557,0.040415495974591285,0.005609426318558253,0.08279940655371146,0.5935796903696032,N/A
451,2432,14.869216008772058,1208,549,1.0284909697226423,1.162038406657053,0.7507181094580341,1.1479842316712507,0.05121151119006391,0.040259732632762,0.005840187287969705,0.08323707273359354,0.5929457970069252,N/A
452,3453,14.473414422241657,1716,695,1.0312869804277014,1.1619621812688388,0.7511648306821693,1.14076084730811,0.05160794303114443,0.04090670075407409,0.006024205638260079,0.08284059132477117,0.5917937711002567,N/A
453,794,10.039630562552452,276,2935,1.03200577614592,1.1845489511184524,0.7605005606871165,1.1504127822212025,0.04934856442063844,0.03550560499268374,0.00798800037447799,0.08505786181987277,0.5903072587601165,Clown Invasion
454,1463,15.148894964684601,671,2,1.0327451960123974,1.1831269659507664,0.7579569817890116,1.1522382185370144,0.049533307669630516,0.035626204491402934,0.007421933881538086,0.08526476765651674,0.592489276906877,N/A
455,1800,14.524370370370484,828,491,1.0350359807203966,1.1856420723708494,0.7606247290511515,1.158402818342467,0.048720221171602685,0.03603661729427985,0.007972307407509586,0.08544686712701843,0.592334299666009,N/A
456,2431,15.186932675168102,1132,501,1.0298418658334711,1.184519423374301,0.7562247988285742,1.161166439028016,0.04909666417562814,0.03699625375940735,0.007097646398849561,0.08469993763471456,0.5951541981457772,N/A
457,3437,14.847085636698806,1689,683,1.029176020810771,1.1837957019043457,0.754472003408049,1.1587656782914824,0.049067927271278636,0.03762459239414756,0.006580386749909893,0.08343362678551658,0.5958670232561789,N/A
458,4823,14.483081069873652,2364,978,1.0288453300922666,1.183973549699767,0.7536302884315795,1.1555788235289388,0.04873941592130126,0.03848212504433499,0.006256507710569026,0.08256432722762248,0.5959416714936135,N/A
459,6839,14.366973729102828,3303,1287,1.0281514740337432,1.1800445835702824,0.7524416914232664,1.1552858989200425,0.048523413897461114,0.039420852892647885,0.006054404386222243,0.08225912163025183,0.5960119780465538,N/A
460,9585,14.338163797600549,4526,1780,1.0286449871007328,1.176399377400756,0.7520706314991691,1.154177469715627,0.048599463342192915,0.039837927578502456,0.005943798790189765,0.08151279796254293,0.5955507711681957,N/A
461,2189,10.245469773107938,751,8147,1.034555629721389,1.1726317923461576,0.7526759348284892,1.1515286511386778,0.04961684804562352,0.04069522901551022,0.0062193818736444376,0.08136083555558832,0.5949822347686403,Volcanic Winters
462,4082,14.72203984974701,1895,2,1.0329481944369026,1.1710018115246763,0.7504653632827147,1.1524593872846698,0.0493423825334345,0.04052165014220877,0.005949573554935956,0.0807978072335558,0.5963249929020951,N/A
463,5020,14.02936918990714,2289,1351,1.0321802525710424,1.1713446200795765,0.7519908731642211,1.1497069776901097,0.049509038034467705,0.0409059547076067,0.006445998472980398,0.08084687294770049,0.5945518702429684,N/A
464,7067,15.289090137257814,3230,1183,1.0301481408292963,1.1698215797470761,0.7475592860368535,1.1518583165211682,0.05019843850328389,0.040911956991231464,0.005823562489637559,0.0801551432228588,0.5978260364012209,N/A
465,538,12.807620817843992,4990,11519,0.9764840990022026,1.1693110095253354,0.7326851242555255,1.0959146523351784,0.05303706006370789,0.045146713235154,0.0024203065451883347,0.08478793711146963,0.5899232205024111,CRITICAL_OVERPOPULATION
466,651,12.77583205325149,283,170,0.9708916969148542,1.1592120927617675,0.7322328156824429,1.0865707285841704,0.05446137150250588,0.048645802169613575,0.00274974082739555,0.08352090964278269,0.5857289192486943,N/A
467,949,14.672813487882127,410,112,0.9713561771026402,1.157934782811771,0.7331579770041006,1.0829861420494824,0.05648188781746912,0.049169827817320426,0.002825958667499854,0.08338686077407007,0.5841900750304327,N/A
468,1263,15.286460807601097,575,261,0.9729782170105673,1.1496642218588387,0.7366939831267192,1.0795148324515844,0.057563024423358845,0.049084314203965945,0.003451984947626889,0.08240210064118755,0.5795544861527097,N/A
469,1715,14.8601360544219,820,368,0.970883795970335,1.1430704741029065,0.7391799796175503,1.0789460480715063,0.058485540232592906,0.04910593066825101,0.004006938648749125,0.08248891975530431,0.5759355693583126,N/A
470,2346,14.877323103154435,1114,483,0.9730965730119583,1.1505878270967516,0.7425833926388009,1.0724251421626825,0.059028189501409735,0.04751757686511436,0.004762854725730659,0.08300586302646529,0.5738721646537025,N/A
471,3307,14.640893055135699,1623,662,0.9702096981682933,1.15259845965315,0.743684110613729,1.0700764395627382,0.05818995221884079,0.04754818001772753,0.0049547926137516445,0.08281034176886574,0.5724445907101134,N/A
472,4764,14.279037223621733,2370,913,0.967217091915302,1.1526018994464755,0.743247716363786,1.0658126288499854,0.057297539570633854,0.04842785643197036,0.004952899768682246,0.08220529895662478,0.5714795664262835,N/A
473,1054,9.910562934851335,339,4049,0.9709666778973374,1.1592767225516836,0.7434979807141007,1.0650703412817768,0.058678318127772425,0.04988200545649084,0.004904466065898196,0.08316870979496205,0.5730235229712075,Avengers Woop-sie
474,2003,15.382026959560827,949,0,0.9731234061608995,1.1566005870016511,0.7412249235924527,1.0660662083092944,0.058756962596507374,0.05053827049860182,0.004503515463657551,0.08131798803537807,0.5748664766034381,N/A
475,2738,13.880874117360719,1410,675,0.9766307306833873,1.157452871778557,0.7408624642399121,1.0668454824132687,0.05892321670814236,0.052362931192266184,0.004585652659645428,0.08074170261789833,0.5760725711592019,N/A
476,3855,13.781919584954728,1834,717,0.9783135868383808,1.1572553386665443,0.7401019286283776,1.0735771264689222,0.057721730059829085,0.052462858028138576,0.004632829103622487,0.08114410845308803,0.5781448793900268,N/A
477,5449,13.83239126445232,2533,939,0.9821045195781984,1.1539447397219924,0.7404148538707822,1.0743030815835517,0.05759039383262092,0.052883397662400314,0.004808672009495012,0.08062925658325255,0.5781177626930781,N/A
478,7514,13.909759559932699,3447,1382,0.9836635840160489,1.15304193041871,0.7405316512736496,1.0763008982506157,0.05771413124041257,0.05297824588389395,0.004854700045025738,0.08044754275563207,0.578504449185804,N/A
479,283,8.9537102473498,4150,11381,1.0285004591042968,1.1399378311444381,0.7442195992765862,1.0533877579474664,0.05947525569984719,0.059648674308930026,0.005149803585616487,0.06782125640226386,0.5772178088883007,CRITICAL_OVERPOPULATION
480,537,13.306393544382502,254,0,1.016920474748174,1.136191135941728,0.7451921497795319,1.0525339145433485,0.05969635870226574,0.060508420770168346,0.005613254665448177,0.06834846518917839,0.573569385414067,N/A
481,647,13.044873776404001,286,176,1.009037054016939,1.1349464541484722,0.7487481429417449,1.0520913128118616,0.059152751153634324,0.059215413783115005,0.006308234207931246,0.07101596463160291,0.5691410569505637,N/A
482,918,14.724074074074219,398,127,1.0065691815827753,1.1385894042834432,0.7449749090395561,1.0505814114400276,0.059246583879971546,0.05834719451346804,0.006067723636428407,0.07058674415358718,0.5719637817827161,N/A
483,1193,14.913551271304975,520,245,1.0021100110859185,1.1439365993891022,0.7458270770869837,1.047414278521148,0.06005946644306622,0.05740942618785219,0.0064042445933422554,0.0709042447254651,0.5709028249048538,N/A
484,1575,15.29240211640226,708,326,0.99179038098324,1.1451974219104353,0.7461788157527705,1.049843274472586,0.059191645294441306,0.05687275893468352,0.006284702648478721,0.07094996166528536,0.5694490400224471,N/A
485,2122,15.189035501099731,998,451,0.990260784642257,1.1466339123481313,0.7461094662701773,1.0510430625024552,0.05850828747141561,0.058001228859223944,0.005952278061777862,0.07135330093864538,0.5696997386419157,N/A
486,2904,14.938877410468452,1390,608,0.9936982992205021,1.1421352014378805,0.7444464499476715,1.0485982971813717,0.05947505938561459,0.059200101023779955,0.0055883361180022635,0.07114855237241924,0.5703444571580389,N/A
487,660,10.677676767676743,224,2468,0.9784283485679942,1.147545719873984,0.7483887773240151,1.0520539006343448,0.05379948048409186,0.05611965033265701,0.00643496078953962,0.07031893438464866,0.5661991138598442,Spaghetti Tornado
488,1220,15.183606557377214,560,0,0.9760115277324005,1.1499770759442196,0.7462442340518528,1.046915156166437,0.052845190114911365,0.05588636386597576,0.005814394854559118,0.07007234707986068,0.5669106913546283,N/A
489,1520,13.945131578947475,714,414,0.9722078115476068,1.1509034342897426,0.7489238604143483,1.0450582067594936,0.05261310892333165,0.05461214107958535,0.00644980618926539,0.06917334136976142,0.5640394384629037,N/A
490,2133,14.904969526488655,968,355,0.9751403247414528,1.1482753718848602,0.7482691100877185,1.0469830749871507,0.053218524624044264,0.05415196219089746,0.006233355180556276,0.06893730522006465,0.5649302243220674,N/A
491,2939,14.434785074288442,1385,579,0.9727773900380114,1.1468544711819348,0.7471354162055529,1.0461062280722087,0.05409496130768004,0.05318415593558316,0.006084464028158123,0.06842891485479359,0.5649556997971199,N/A
492,4045,14.207259991759503,1894,788,0.9755256671818286,1.1465956282859924,0.7456702912938008,1.0528304128264325,0.05406043584626188,0.05297524903809605,0.00558286384457984,0.06872080784325434,0.567713236509297,N/A
493,5607,14.180643243564724,2597,1035,0.9767681550121099,1.146253966861819,0.7448915024611104,1.0543752756314113,0.053383796574183746,0.05362762681886091,0.005376632624403641,0.0686651738713332,0.5687445553269197,N/A
494,7765,14.041292122773257,3613,1455,0.9782271859347023,1.1452129655518541,0.7455557318554431,1.0597930684867847,0.05291884940585246,0.05404473957929384,0.0054578197840469125,0.06932907309810167,0.5692815142607461,N/A
495,1773,9.268415115623213,608,6600,0.9764268520343979,1.1511301076767189,0.749308789273708,1.059123561546476,0.05274454380087882,0.052202303988143336,0.0062643289087535034,0.07138838925551784,0.5670435770271937,Clown Invasion
496,3290,13.766899696048771,1517,0,0.9767931647566533,1.1480953842334352,0.7480047979592703,1.0590283144640193,0.05357917942955465,0.0523292297378679,0.006018137510759972,0.0707851742693749,0.5675394724990298,N/A
497,3984,13.34459504685417,1777,1083,0.9791924342967595,1.14431633721005,0.748520112714016,1.0600361617252754,0.054095241230053395,0.052624526529962176,0.006100115488587134,0.07163442656820172,0.5670825012640035,N/A
498,5731,14.930204152853046,2589,842,0.9785081266288885,1.14481213569398,0.7460385393046689,1.0600447315669335,0.05453093162916647,0.05244676503298057,0.005605918308909874,0.07149694131007198,0.5689366480283617,N/A
499,7948,14.665454621707902,3764,1547,0.9793626235181209,1.144159954855029,0.7459977855276901,1.0605191857214378,0.05413148477755626,0.05279487574008694,0.005361319089150396,0.07197748785932999,0.569088689156062,N/A
500,504,13.518253968254102,3680,11124,0.9821619794579711,1.1183694906583361,0.7481344485055816,1.1067624392442519,0.056060238044378846,0.06153487144194139,0.00501443212151725,0.06996186568389927,0.5716074012752144,CRITICAL_OVERPOPULATION
